,cod_sales,Sales
0,1,261.96
1,2,731.94
2,3,14.62
3,4,957.5775
4,5,22.368
5,6,48.86
6,7,7.28
7,8,907.152
8,9,18.504
9,10,114.9
10,11,1706.184
11,12,911.424
12,13,15.552
13,14,407.976
14,15,68.81
15,16,2.544
16,17,665.88
17,18,55.5
18,19,8.56
19,20,213.48
20,21,22.72
21,22,19.46
22,23,60.34
23,24,71.372
24,25,1044.63
25,26,11.648
26,27,90.57
27,28,3083.43
28,29,9.618
29,30,124.2
30,31,3.264
31,32,86.304
32,33,6.858
33,34,15.76
34,35,29.472
35,36,1097.544
36,37,190.92
37,38,113.328
38,39,532.3992
39,40,212.058
40,41,371.168
41,42,147.168
42,43,77.88
43,44,95.616
44,45,45.98
45,46,17.46
46,47,211.96
47,48,45.0
48,49,21.8
49,50,38.22
50,51,75.18
51,52,6.16
52,53,89.99
53,54,15.26
54,55,1029.95
55,56,208.56
56,57,32.4
57,58,319.41
58,59,14.56
59,60,30.0
60,61,48.48
61,62,1.68
62,63,13.98
63,64,25.824
64,65,146.73
65,66,79.76
66,67,213.115
67,68,1113.024
68,69,167.968
69,70,75.88
70,71,4.616
71,72,19.05
72,73,831.936
73,74,97.04
74,75,72.784
75,76,1.248
76,77,9.708
77,78,27.24
78,79,19.3
79,80,208.16
80,81,16.74
81,82,14.9
82,83,21.39
83,84,200.984
84,85,230.376
85,86,301.96
86,87,19.99
87,88,158.368
88,89,20.1
89,90,73.584
90,91,6.48
91,92,12.96
92,93,53.34
93,94,32.96
94,95,5.682
95,96,96.53
96,97,51.312
97,98,64.624
98,99,95.976
99,100,1.788
100,101,23.92
101,102,238.896
102,103,102.36
103,104,36.882
104,105,74.112
105,106,27.992
106,107,3.304
107,108,339.96
108,109,41.96
109,110,75.96
110,111,40.096
111,112,4.72
112,113,23.976
113,114,130.464
114,115,787.53
115,116,157.794
116,117,47.04
117,118,30.84
118,119,226.56
119,120,115.02
120,121,68.04
121,122,600.558
122,123,617.7
123,124,2.388
124,125,243.992
125,126,81.424
126,127,238.56
127,128,59.97
128,129,78.304
129,130,21.456
130,131,20.04
131,132,35.44
132,133,11.52
133,134,4.02
134,135,76.176
135,136,65.88
136,137,43.12
137,138,82.8
138,139,8.82
139,140,10.86
140,141,143.7
141,142,839.43
142,143,671.93
143,144,93.888
144,145,384.45
145,146,149.97
146,147,1951.84
147,148,171.55
148,149,157.92
149,150,203.184
150,151,58.38
151,152,105.52
152,153,80.88
153,154,6.63
154,155,457.568
155,156,944.93
156,157,5.98
157,158,54.384
158,159,28.4
159,160,27.68
160,161,9.936
161,162,8159.952
162,163,275.928
163,164,1740.06
164,165,32.064
165,166,177.98
166,167,143.976
167,168,20.94
168,169,110.96
169,170,340.144
170,171,52.448
171,172,20.16
172,173,97.264
173,174,396.802
174,175,15.88
175,176,3.28
176,177,24.816
177,178,408.744
178,179,503.96
179,180,149.95
180,181,29.0
181,182,7.16
182,183,176.8
183,184,37.224
184,185,20.016
185,186,899.136
186,187,71.76
187,188,51.84
188,189,626.352
189,190,19.9
190,191,14.28
191,192,7.408
192,193,6.048
193,194,46.26
194,195,2.946
195,196,16.056
196,197,21.744
197,198,218.75
198,199,2.6
199,200,66.284
200,201,35.168
201,202,444.768
202,203,83.92
203,204,131.98
204,205,15.92
205,206,52.29
206,207,91.99
207,208,20.8
208,209,23.68
209,210,452.45
210,211,62.982
211,212,1188.0
212,213,89.584
213,214,93.06
214,215,302.376
215,216,5.584
216,217,22.704
217,218,19.776
218,219,72.704
219,220,479.988
220,221,27.168
221,222,2.2
222,223,622.45
223,224,21.98
224,225,161.568
225,226,389.696
226,227,18.648
227,228,233.86
228,229,620.6145
229,230,5.328
230,231,258.072
231,232,617.976
232,233,10.56
233,234,25.92
234,235,419.68
235,236,11.688
236,237,31.984
237,238,177.225
238,239,4.044
239,240,2001.86
240,241,166.72
241,242,47.88
242,243,1503.25
243,244,321.568
244,245,7.61
245,246,3347.37
246,247,80.58
247,248,361.92
248,249,12.132
249,250,82.368
250,251,53.92
251,252,647.904
252,253,20.37
253,254,221.55
254,255,17.52
255,256,1.624
256,257,3059.982
257,258,2519.958
258,259,328.224
259,260,79.9
260,261,14.016
261,262,7.56
262,263,37.208
263,264,57.576
264,265,725.84
265,266,209.93
266,267,5.28
267,268,10.92
268,269,18.176
269,270,59.712
270,271,24.84
271,272,2.08
272,273,1114.4
273,274,1038.84
274,275,141.76
275,276,239.8
276,277,31.104
277,278,254.058
278,279,194.528
279,280,961.48
280,281,19.096
281,282,18.496
282,283,255.984
283,284,86.97
284,285,300.416
285,286,230.352
286,287,218.352
287,288,78.6
288,289,27.552
289,290,1082.48
290,291,56.91
291,292,77.6
292,293,219.075
293,294,26.8
294,295,9.84
295,296,45.48
296,297,289.2
297,298,4.89
298,299,15.136
299,300,466.768
300,301,15.232
301,302,6.264
302,303,87.54
303,304,178.384
304,305,99.136
305,306,135.882
306,307,3991.98
307,308,275.94
308,309,360.0
309,310,43.57
310,311,251.52
311,312,99.99
312,313,15.992
313,314,290.898
314,315,54.224
315,316,786.744
316,317,100.24
317,318,37.764
318,319,20.724
319,320,4.896
320,321,4.752
321,322,959.984
322,323,14.368
323,324,7.712
324,325,698.352
325,326,4.96
326,327,17.856
327,328,509.97
328,329,30.992
329,330,71.928
330,331,88.8
331,332,47.976
332,333,24.56
333,334,6.79
334,335,3.048
335,336,49.12
336,337,4355.168
337,338,388.704
338,339,8.26
339,340,17.04
340,341,34.4
341,342,36.24
342,343,647.84
343,344,20.7
344,345,488.646
345,346,5.56
346,347,47.12
347,348,23.2
348,349,7.36
349,350,104.79
350,351,1043.92
351,352,53.424
352,353,8.16
353,354,1023.936
354,355,9.24
355,356,479.04
356,357,1488.424
357,358,8.652
358,359,23.832
359,360,12.176
360,361,50.96
361,362,49.536
362,363,41.9
363,364,375.4575
364,365,83.976
365,366,482.34
366,367,2.96
367,368,2.624
368,369,23.36
369,370,39.98
370,371,246.384
371,372,1799.97
372,373,12.462
373,374,75.792
374,375,49.96
375,376,70.12
376,377,35.952
377,378,2396.2656
378,379,131.136
379,380,57.584
380,381,9.568
381,382,39.072
382,383,35.91
383,384,179.95
384,385,1199.976
385,386,27.15
386,387,1004.024
387,388,9.68
388,389,28.35
389,390,55.98
390,391,1336.829
391,392,113.568
392,393,139.86
393,394,307.136
394,395,95.92
395,396,383.8
396,397,5.78
397,398,9.32
398,399,15.25
399,400,196.752
400,401,56.56
401,402,32.7
402,403,866.4
403,404,287.92
404,405,69.99
405,406,6.672
406,407,189.588
407,408,291.96
408,409,4.768
409,410,714.3
410,411,4.812
411,412,247.8
412,413,1007.979
413,414,313.488
414,415,31.872
415,416,207.846
416,417,12.22
417,418,194.94
418,419,70.95
419,420,91.36
420,421,242.94
421,422,22.05
422,423,2.91
423,424,59.52
424,425,161.94
425,426,263.88
426,427,30.48
427,428,35.12
428,429,284.364
429,430,665.408
430,431,63.88
431,432,129.568
432,433,747.558
433,434,8.928
434,435,103.92
435,436,899.91
436,437,23.56
437,438,1272.63
438,439,28.485
439,440,185.376
440,441,78.272
441,442,254.744
442,443,205.3328
443,444,4.788
444,445,55.48
445,446,340.92
446,447,222.666
447,448,703.968
448,449,92.52
449,450,62.65
450,451,94.85
451,452,95.76
452,453,40.2
453,454,14.7
454,455,704.25
455,456,9.09
456,457,5.96
457,458,159.98
458,459,29.6
459,460,514.165
460,461,279.96
461,462,2735.952
462,463,7.992
463,464,63.984
464,465,70.368
465,466,449.15
466,467,11.07
467,468,93.98
468,469,189.882
469,470,105.42
470,471,119.616
471,472,255.76
472,473,241.568
473,474,69.3
474,475,22.62
475,476,14.952
476,477,801.568
477,478,2.376
478,479,32.792
479,480,2.74
480,481,8.34
481,482,46.74
482,483,6354.95
483,484,126.3
484,485,38.04
485,486,7.152
486,487,5.88
487,488,2999.95
488,489,51.45
489,490,11.96
490,491,1126.02
491,492,18.392
492,493,14.112
493,494,210.98
494,495,55.176
495,496,66.26
496,497,22.2
497,498,683.952
498,499,45.696
499,500,36.336
500,501,666.248
501,502,52.512
502,503,190.72
503,504,47.94
504,505,979.95
505,506,22.75
506,507,16.768
507,508,42.616
508,509,10.752
509,510,152.94
510,511,283.92
511,512,468.9
512,513,380.864
513,514,646.776
514,515,58.112
515,516,100.792
516,517,66.112
517,518,41.28
518,519,13.36
519,520,250.272
520,521,11.364
521,522,8.72
522,523,1121.568
523,524,34.504
524,525,10.824
525,526,1295.78
526,527,19.456
527,528,1335.68
528,529,42.6
529,530,84.056
530,531,13.0
531,532,13.128
532,533,3.96
533,534,2.61
534,535,374.376
535,536,91.84
536,537,81.088
537,538,19.44
538,539,451.152
539,540,72.45
540,541,13.96
541,542,33.264
542,543,14.85
543,544,160.72
544,545,19.92
545,546,7.3
546,547,69.712
547,548,8.792
548,549,51.52
549,550,470.376
550,551,105.584
551,552,31.152
552,553,6.783
553,554,406.368
554,555,70.98
555,556,294.93
556,557,84.784
557,558,20.736
558,559,16.821
559,560,10.368
560,561,9.344
561,562,31.2
562,563,76.12
563,564,445.96
564,565,327.76
565,566,11.632
566,567,143.982
567,568,494.376
568,569,5.84
569,570,142.776
570,571,7.218
571,572,43.188
572,573,131.904
573,574,3.282
574,575,21.168
575,576,55.188
576,577,369.576
577,578,15.712
578,579,8.448
579,580,728.946
580,581,119.94
581,582,3.648
582,583,40.48
583,584,9.94
584,585,107.424
585,586,37.91
586,587,88.02
587,588,8.69
588,589,555.21
589,590,523.48
590,591,161.82
591,592,35.56
592,593,97.16
593,594,15.24
594,595,13.23
595,596,243.384
596,597,119.8
597,598,300.768
598,599,17.88
599,600,235.944
600,601,392.94
601,602,18.882
602,603,122.328
603,604,1049.2
604,605,15.424
605,606,18.84
606,607,330.4
607,608,26.25
608,609,132.52
609,610,209.3
610,611,31.56
611,612,30.144
612,613,14.8
613,614,316.0
614,615,379.4
615,616,97.82
616,617,103.12
617,618,113.552
618,619,3.318
619,620,134.288
620,621,701.372
621,622,2.308
622,623,999.432
623,624,724.08
624,625,918.785
625,626,2.724
626,627,459.95
627,628,10.74
628,629,23.76
629,630,85.056
630,631,381.576
631,632,30.36
632,633,108.925
633,634,36.352
634,635,19.56
635,636,61.44
636,637,38.9
637,638,99.39
638,639,2.688
639,640,27.816
640,641,82.524
641,642,182.994
642,643,14.352
643,644,64.96
644,645,68.6
645,646,7999.98
646,647,167.44
647,648,479.97
648,649,191.984
649,650,104.01
650,651,284.82
651,652,36.84
652,653,166.24
653,654,33.4
654,655,198.272
655,656,47.36
656,657,97.696
657,658,2.696
658,659,18.588
659,660,15.072
660,661,209.88
661,662,369.912
662,663,166.84
663,664,15.216
664,665,119.96
665,666,883.92
666,667,46.72
667,668,24.448
668,669,281.34
669,670,307.98
670,671,299.97
671,672,103.056
672,673,59.808
673,674,73.32
674,675,146.82
675,676,1652.94
676,677,296.37
677,678,129.92
678,679,45.584
679,680,17.568
680,681,55.992
681,682,182.72
682,683,400.032
683,684,33.63
684,685,542.646
685,686,6.3
686,687,179.97
687,688,99.696
688,689,27.936
689,690,84.98
690,691,18.72
691,692,49.98
692,693,11.784
693,694,272.736
694,695,3.54
695,696,3.528
696,697,4.624
697,698,55.168
698,699,567.12
699,700,359.32
700,701,11.992
701,702,58.05
702,703,157.74
703,704,56.98
704,705,2.88
705,706,79.92
706,707,383.438
707,708,58.32
708,709,12.39
709,710,107.982
710,711,11.36
711,712,50.94
712,713,646.74
713,714,5.64
714,715,572.58
715,716,310.88
716,717,641.96
717,718,18.28
718,719,207.0
719,720,32.35
720,721,7.71
721,722,40.3
722,723,34.58
723,724,32.76
724,725,544.008
725,726,59.94
726,727,4.28
727,728,32.07
728,729,24.0
729,730,35.49
730,731,47.984
731,732,186.69
732,733,17.456
733,734,348.928
734,735,143.96
735,736,15.42
736,737,43.04
737,738,332.94
738,739,1363.96
739,740,9.96
740,741,21.72
741,742,132.79
742,743,21.56
743,744,22.23
744,745,215.968
745,746,355.32
746,747,43.176
747,748,1983.968
748,749,1298.55
749,750,213.92
750,751,25.78
751,752,1399.93
752,753,5.344
753,754,41.472
754,755,3.168
755,756,1228.465
756,757,31.086
757,758,335.52
758,759,239.97
759,760,9.82
760,761,67.8
761,762,167.97
762,763,35.0
763,764,37.24
764,765,15.28
765,766,180.66
766,767,191.98
767,768,65.99
768,769,35.216
769,770,23.696
770,771,265.475
771,772,51.184
772,773,9.664
773,774,21.072
774,775,60.45
775,776,186.048
776,777,37.44
777,778,26.976
778,779,83.72
779,780,287.94
780,781,48.896
781,782,115.36
782,783,5.16
783,784,38.88
784,785,185.88
785,786,44.46
786,787,39.96
787,788,102.3
788,789,21.36
789,790,23.1
790,791,191.472
791,792,5.248
792,793,59.184
793,794,2.89
794,795,51.94
795,796,15.936
796,797,44.91
797,798,1141.47
798,799,280.782
799,800,34.44
800,801,106.344
801,802,192.16
802,803,322.59
803,804,29.99
804,805,371.97
805,806,5.892
806,807,68.472
807,808,1242.9
808,809,13.48
809,810,31.4
810,811,13.944
811,812,83.76
812,813,37.66
813,814,34.68
814,815,4.54
815,816,543.92
816,817,155.82
817,818,70.008
818,819,15.648
819,820,103.6
820,821,46.96
821,822,8.904
822,823,10.44
823,824,18.336
824,825,323.976
825,826,323.136
826,827,90.93
827,828,52.776
828,829,1199.8
829,830,1928.78
830,831,352.38
831,832,46.94
832,833,143.73
833,834,99.918
834,835,797.944
835,836,8.568
836,837,149.352
837,838,12.992
838,839,85.14
839,840,21.99
840,841,406.6
841,842,841.568
842,843,252.0
843,844,46.2
844,845,28.84
845,846,14.592
846,847,89.856
847,848,13.872
848,849,12.192
849,850,45.056
850,851,29.718
851,852,447.696
852,853,159.99
853,854,134.48
854,855,17.12
855,856,6.096
856,857,1114.272
857,858,540.57
858,859,167.76
859,860,393.165
860,861,516.488
861,862,1007.232
862,863,2065.32
863,864,25.344
864,865,25.472
865,866,78.8528
866,867,173.8
867,868,29.592
868,869,204.6
869,870,6.24
870,871,21.88
871,872,4.608
872,873,35.97
873,874,191.6
874,875,8.64
875,876,501.81
876,877,127.104
877,878,30.072
878,879,160.93
879,880,1.08
880,881,34.02
881,882,599.292
882,883,3.392
883,884,559.984
884,885,603.92
885,886,7.968
886,887,27.968
887,888,336.51
888,889,1.112
889,890,520.05
890,891,17.97
891,892,1166.92
892,893,14.624
893,894,10.23
894,895,154.9
895,896,2715.93
896,897,617.97
897,898,10.67
898,899,36.63
899,900,24.1
900,901,33.11
901,902,44.02
902,903,2309.65
903,904,1090.782
904,905,484.65
905,906,115.296
906,907,7.08
907,908,4.401
908,909,44.75
909,910,95.984
910,911,151.72
911,912,155.25
912,913,14.03
913,914,1618.37
914,915,99.6
915,916,124.95
916,917,601.65
917,918,22.74
918,919,1267.53
919,920,1379.92
920,921,6.208
921,922,11.808
922,923,63.312
923,924,15.588
924,925,177.2
925,926,197.97
926,927,854.94
927,928,124.11
928,929,14.4
929,930,15.696
930,931,2.628
931,932,14.427
932,933,86.62
933,934,36.624
934,935,23.968
935,936,28.728
936,937,697.16
937,938,31.86
938,939,722.352
939,940,8.84
940,941,58.464
941,942,254.604
942,943,1113.504
943,944,168.464
944,945,6.72
945,946,282.888
946,947,11.16
947,948,108.4
948,949,82.344
949,950,9.088
950,951,19.936
951,952,65.568
952,953,4.416
953,954,107.772
954,955,45.216
955,956,10.416
956,957,7.872
957,958,118.782
958,959,1.448
959,960,55.47
960,961,194.848
961,962,1.744
962,963,25.176
963,964,6.27
964,965,4.368
965,966,40.88
966,967,31.44
967,968,6.88
968,969,1106.91
969,970,836.592
970,971,26.38
971,972,362.92
972,973,4899.93
973,974,71.976
974,975,3.15
975,976,71.984
976,977,120.15
977,978,219.184
978,979,28.9
979,980,355.96
980,981,348.208
981,982,35.784
982,983,447.84
983,984,7.04
984,985,8.73
985,986,29.29
986,987,2.694
987,988,2.934
988,989,22.92
989,990,100.704
990,991,2.328
991,992,10.78
992,993,58.368
993,994,40.968
994,995,71.96
995,996,1.192
996,997,46.672
997,998,119.833
998,999,119.98
999,1000,279.9
1000,1001,619.95
1001,1002,4.36
1002,1003,699.93
1003,1004,22.96
1004,1005,38.6
1005,1006,23.34
1006,1007,1067.94
1007,1008,10.16
1008,1009,101.88
1009,1010,343.92
1010,1011,40.99
1011,1012,63.9
1012,1013,124.608
1013,1014,85.224
1014,1015,287.52
1015,1016,37.68
1016,1017,19.98
1017,1018,20.58
1018,1019,17.38
1019,1020,686.32
1020,1021,62.18
1021,1022,644.076
1022,1023,12.76
1023,1024,10.95
1024,1025,599.98
1025,1026,8.352
1026,1027,3.64
1027,1028,159.768
1028,1029,122.48
1029,1030,2244.48
1030,1031,62.31
1031,1032,455.1
1032,1033,195.184
1033,1034,362.94
1034,1035,11.54
1035,1036,53.94
1036,1037,9.99
1037,1038,125.76
1038,1039,25.32
1039,1040,46.8
1040,1041,447.93
1041,1042,109.48
1042,1043,272.94
1043,1044,31.92
1044,1045,22.38
1045,1046,16.52
1046,1047,5.176
1047,1048,50.112
1048,1049,27.93
1049,1050,11.56
1050,1051,172.5
1051,1052,258.696
1052,1053,1322.93
1053,1054,3.76
1054,1055,7.92
1055,1056,12.096
1056,1057,485.88
1057,1058,197.58
1058,1059,81.92
1059,1060,889.536
1060,1061,892.224
1061,1062,223.92
1062,1063,23.12
1063,1064,24.672
1064,1065,55.968
1065,1066,431.928
1066,1067,1088.792
1067,1068,1.872
1068,1069,854.352
1069,1070,593.568
1070,1071,338.04
1071,1072,271.96
1072,1073,11.21
1073,1074,9.144
1074,1075,14.07
1075,1076,41.86
1076,1077,8.544
1077,1078,579.136
1078,1079,141.372
1079,1080,3.036
1080,1081,4.503
1081,1082,4.672
1082,1083,95.88
1083,1084,17.024
1084,1085,1931.958
1085,1086,249.75
1086,1087,255.936
1087,1088,113.79
1088,1089,78.15
1089,1090,1.728
1090,1091,40.56
1091,1092,182.94
1092,1093,193.86
1093,1094,5.68
1094,1095,2.78
1095,1096,79.96
1096,1097,839.988
1097,1098,47.952
1098,1099,37.425
1099,1100,63.968
1100,1101,165.048
1101,1102,12.35
1102,1103,40.97
1103,1104,22.0
1104,1105,398.352
1105,1106,48.69
1106,1107,764.688
1107,1108,3610.848
1108,1109,254.9745
1109,1110,38.82
1110,1111,1141.938
1111,1112,1704.56
1112,1113,3.2
1113,1114,1099.96
1114,1115,6.696
1115,1116,43.872
1116,1117,27.882
1117,1118,540.048
1118,1119,255.68
1119,1120,863.88
1120,1121,17.616
1121,1122,17.472
1122,1123,69.9
1123,1124,41.85
1124,1125,6.57
1125,1126,142.86
1126,1127,292.272
1127,1128,29.328
1128,1129,12.48
1129,1130,102.336
1130,1131,48.792
1131,1132,44.848
1132,1133,388.43
1133,1134,63.992
1134,1135,86.352
1135,1136,32.97
1136,1137,83.88
1137,1138,278.4
1138,1139,15.12
1139,1140,17.43
1140,1141,251.64
1141,1142,2.772
1142,1143,15.48
1143,1144,39.88
1144,1145,20.82
1145,1146,13.216
1146,1147,32.94
1147,1148,114.2
1148,1149,3.08
1149,1150,845.728
1150,1151,13.904
1151,1152,20.72
1152,1153,114.95
1153,1154,26.96
1154,1155,572.76
1155,1156,286.38
1156,1157,61.96
1157,1158,23.99
1158,1159,287.97
1159,1160,419.944
1160,1161,46.76
1161,1162,17.712
1162,1163,21.78
1163,1164,3.69
1164,1165,122.12
1165,1166,155.372
1166,1167,183.84
1167,1168,579.3
1168,1169,14.2
1169,1170,575.92
1170,1171,5.184
1171,1172,5.229
1172,1173,285.552
1173,1174,72.8
1174,1175,10.816
1175,1176,51.072
1176,1177,11.34
1177,1178,87.92
1178,1179,37.05
1179,1180,2.97
1180,1181,27.44
1181,1182,7.96
1182,1183,140.736
1183,1184,552.56
1184,1185,25.11
1185,1186,29.78
1186,1187,677.58
1187,1188,75.04
1188,1189,695.7
1189,1190,15.66
1190,1191,28.854
1191,1192,47.82
1192,1193,13.05
1193,1194,93.78
1194,1195,47.18
1195,1196,19.68
1196,1197,53.4
1197,1198,35.88
1198,1199,258.279
1199,1200,183.96
1200,1201,17.61
1201,1202,300.904
1202,1203,220.776
1203,1204,281.424
1204,1205,79.14
1205,1206,1.988
1206,1207,145.568
1207,1208,123.256
1208,1209,309.576
1209,1210,38.388
1210,1211,95.994
1211,1212,239.952
1212,1213,201.584
1213,1214,145.9
1214,1215,590.058
1215,1216,14.04
1216,1217,49.08
1217,1218,17.088
1218,1219,912.75
1219,1220,1089.75
1220,1221,16.4
1221,1222,399.96
1222,1223,158.9
1223,1224,13.184
1224,1225,83.952
1225,1226,80.98
1226,1227,348.84
1227,1228,9.45
1228,1229,239.98
1229,1230,167.96
1230,1231,104.85
1231,1232,484.83
1232,1233,122.97
1233,1234,154.44
1234,1235,342.37
1235,1236,9.552
1236,1237,652.45
1237,1238,66.645
1238,1239,17.216
1239,1240,88.4
1240,1241,251.79
1241,1242,205.176
1242,1243,419.4
1243,1244,10.304
1244,1245,154.764
1245,1246,116.784
1246,1247,75.48
1247,1248,408.006
1248,1249,165.28
1249,1250,334.768
1250,1251,37.74
1251,1252,946.344
1252,1253,151.2
1253,1254,4.928
1254,1255,86.272
1255,1256,72.588
1256,1257,60.672
1257,1258,77.031
1258,1259,119.904
1259,1260,263.96
1260,1261,363.648
1261,1262,9.728
1262,1263,14.75
1263,1264,29.8
1264,1265,427.42
1265,1266,220.752
1266,1267,152.76
1267,1268,7.27
1268,1269,1819.86
1269,1270,33.9
1270,1271,2453.43
1271,1272,29.7
1272,1273,36.672
1273,1274,13.76
1274,1275,139.424
1275,1276,1979.928
1276,1277,164.736
1277,1278,470.302
1278,1279,2.502
1279,1280,88.752
1280,1281,2.025
1281,1282,91.68
1282,1283,33.75
1283,1284,3040.0
1284,1285,91.2
1285,1286,452.94
1286,1287,52.2
1287,1288,27.46
1288,1289,55.424
1289,1290,244.006
1290,1291,159.984
1291,1292,1024.716
1292,1293,3.68
1293,1294,121.376
1294,1295,255.968
1295,1296,872.94
1296,1297,41.54
1297,1298,6.848
1298,1299,8.67
1299,1300,6.688
1300,1301,17.28
1301,1302,28.91
1302,1303,52.136
1303,1304,31.968
1304,1305,40.46
1305,1306,33.87
1306,1307,3.424
1307,1308,177.0
1308,1309,1212.848
1309,1310,89.97
1310,1311,5.04
1311,1312,62.96
1312,1313,977.292
1313,1314,9.64
1314,1315,40.05
1315,1316,10.192
1316,1317,16.784
1317,1318,13.12
1318,1319,18.16
1319,1320,223.056
1320,1321,33.52
1321,1322,1004.976
1322,1323,396.0
1323,1324,34.5
1324,1325,8.36
1325,1326,385.6
1326,1327,35.82
1327,1328,200.064
1328,1329,21.38
1329,1330,6.744
1330,1331,63.686
1331,1332,1669.6
1332,1333,83.84
1333,1334,13.272
1334,1335,21.336
1335,1336,206.112
1336,1337,247.104
1337,1338,4.16
1338,1339,26.18
1339,1340,74.352
1340,1341,10.744
1341,1342,8.376
1342,1343,212.88
1343,1344,203.983
1344,1345,40.74
1345,1346,11.67
1346,1347,39.99
1347,1348,16.28
1348,1349,782.94
1349,1350,242.48
1350,1351,8.32
1351,1352,10.464
1352,1353,82.896
1353,1354,34.24
1354,1355,1573.488
1355,1356,23.912
1356,1357,27.056
1357,1358,559.992
1358,1359,9.324
1359,1360,111.96
1360,1361,124.75
1361,1362,91.96
1362,1363,79.36
1363,1364,171.96
1364,1365,35.352
1365,1366,18.9
1366,1367,11.352
1367,1368,354.9
1368,1369,453.576
1369,1370,21.48
1370,1371,8.784
1371,1372,12.84
1372,1373,21.84
1373,1374,381.44
1374,1375,40.68
1375,1376,763.28
1376,1377,23.952
1377,1378,4.98
1378,1379,170.88
1379,1380,382.806
1380,1381,1217.568
1381,1382,10.65
1382,1383,10.96
1383,1384,33.488
1384,1385,8.04
1385,1386,201.568
1386,1387,13.44
1387,1388,359.058
1388,1389,47.992
1389,1390,547.3
1390,1391,16.896
1391,1392,155.94
1392,1393,5.46
1393,1394,73.2
1394,1395,9.336
1395,1396,290.666
1396,1397,83.984
1397,1398,1000.02
1398,1399,3.75
1399,1400,41.4
1400,1401,29.79
1401,1402,59.48
1402,1403,6.69
1403,1404,198.46
1404,1405,786.48
1405,1406,23.168
1406,1407,50.0
1407,1408,675.96
1408,1409,1265.85
1409,1410,523.25
1410,1411,517.5
1411,1412,17.92
1412,1413,41.256
1413,1414,1006.056
1414,1415,10.688
1415,1416,25.12
1416,1417,669.08
1417,1418,438.336
1418,1419,12.7
1419,1420,41.37
1420,1421,12.624
1421,1422,1247.64
1422,1423,3149.93
1423,1424,209.7
1424,1425,35.36
1425,1426,121.104
1426,1427,45.894
1427,1428,109.92
1428,1429,169.68
1429,1430,95.94
1430,1431,34.79
1431,1432,160.776
1432,1433,13.896
1433,1434,41.92
1434,1435,297.576
1435,1436,4.344
1436,1437,94.992
1437,1438,1018.104
1438,1439,16.68
1439,1440,58.58
1440,1441,196.62
1441,1442,21.936
1442,1443,6.588
1443,1444,104.28
1444,1445,17.94
1445,1446,64.784
1446,1447,32.382
1447,1448,42.368
1448,1449,399.54
1449,1450,18.97
1450,1451,14.82
1451,1452,99.28
1452,1453,1.188
1453,1454,7.518
1454,1455,853.092
1455,1456,33.45
1456,1457,10.4
1457,1458,13.616
1458,1459,63.96
1459,1460,14.46
1460,1461,104.98
1461,1462,106.96
1462,1463,515.88
1463,1464,1931.04
1464,1465,9.702
1465,1466,11.61
1466,1467,43.86
1467,1468,148.48
1468,1469,7.42
1469,1470,71.992
1470,1471,1702.12
1471,1472,14.304
1472,1473,765.625
1473,1474,307.666
1474,1475,242.9
1475,1476,454.9
1476,1477,35.92
1477,1478,39.76
1478,1479,47.744
1479,1480,434.352
1480,1481,3.552
1481,1482,88.832
1482,1483,1048.35
1483,1484,100.0
1484,1485,7.83
1485,1486,96.256
1486,1487,154.24
1487,1488,34.848
1488,1489,17.9
1489,1490,129.45
1490,1491,20.88
1491,1492,7.168
1492,1493,11.168
1493,1494,442.4
1494,1495,11.232
1495,1496,10.272
1496,1497,206.962
1497,1498,9.46
1498,1499,559.62
1499,1500,360.712
1500,1501,1718.4
1501,1502,41.568
1502,1503,46.864
1503,1504,19.536
1504,1505,411.332
1505,1506,28.752
1506,1507,293.199
1507,1508,35.06
1508,1509,4.13
1509,1510,109.8
1510,1511,7.644
1511,1512,51.465
1512,1513,6.976
1513,1514,12.222
1514,1515,97.984
1515,1516,62.4
1516,1517,20.86
1517,1518,497.61
1518,1519,5.34
1519,1520,368.91
1520,1521,83.36
1521,1522,6.58
1522,1523,122.94
1523,1524,219.84
1524,1525,98.16
1525,1526,33.04
1526,1527,134.97
1527,1528,699.98
1528,1529,139.95
1529,1530,48.94
1530,1531,2807.84
1531,1532,46.64
1532,1533,60.416
1533,1534,107.94
1534,1535,63.84
1535,1536,347.97
1536,1537,37.008
1537,1538,215.65
1538,1539,53.952
1539,1540,4.18
1540,1541,5.607
1541,1542,4663.736
1542,1543,79.984
1543,1544,2575.944
1544,1545,45.36
1545,1546,254.24
1546,1547,69.93
1547,1548,16.156
1548,1549,54.816
1549,1550,1441.3
1550,1551,4.656
1551,1552,170.136
1552,1553,7.38
1553,1554,9.26
1554,1555,75.6
1555,1556,29.32
1556,1557,92.064
1557,1558,62.958
1558,1559,31.32
1559,1560,11.84
1560,1561,22.784
1561,1562,1127.976
1562,1563,779.796
1563,1564,1439.92
1564,1565,262.11
1565,1566,1439.982
1566,1567,36.288
1567,1568,21.4
1568,1569,1245.86
1569,1570,17.544
1570,1571,44.128
1571,1572,62.92
1572,1573,140.81
1573,1574,40.784
1574,1575,40.08
1575,1576,362.352
1576,1577,7.184
1577,1578,34.76
1578,1579,831.2
1579,1580,26.4
1580,1581,106.75
1581,1582,141.4
1582,1583,14.52
1583,1584,127.92
1584,1585,137.62
1585,1586,100.49
1586,1587,257.568
1587,1588,49.632
1588,1589,727.45
1589,1590,24.96
1590,1591,370.782
1591,1592,196.45
1592,1593,78.256
1593,1594,99.2
1594,1595,272.848
1595,1596,16.224
1596,1597,176.784
1597,1598,393.568
1598,1599,68.742
1599,1600,29.34
1600,1601,383.607
1601,1602,563.4
1602,1603,217.056
1603,1604,6.0
1604,1605,7.104
1605,1606,121.792
1606,1607,409.59
1607,1608,3.38
1608,1609,7.824
1609,1610,24.784
1610,1611,34.65
1611,1612,487.984
1612,1613,1793.98
1613,1614,29.808
1614,1615,505.176
1615,1616,174.0585
1616,1617,191.88
1617,1618,14.78
1618,1619,478.48
1619,1620,909.12
1620,1621,2.952
1621,1622,27.018
1622,1623,136.92
1623,1624,18.96
1624,1625,273.896
1625,1626,597.132
1626,1627,15.528
1627,1628,11.952
1628,1629,11.65
1629,1630,299.9
1630,1631,895.92
1631,1632,462.564
1632,1633,15.008
1633,1634,863.64
1634,1635,47.616
1635,1636,92.94
1636,1637,199.98
1637,1638,177.48
1638,1639,88.768
1639,1640,46.51
1640,1641,659.976
1641,1642,271.992
1642,1643,145.74
1643,1644,15.4
1644,1645,244.55
1645,1646,166.16
1646,1647,14.73
1647,1648,19.968
1648,1649,8.736
1649,1650,662.88
1650,1651,3.24
1651,1652,95.968
1652,1653,254.526
1653,1654,12.98
1654,1655,26.432
1655,1656,1282.41
1656,1657,4.92
1657,1658,238.0
1658,1659,16.2
1659,1660,33.99
1660,1661,296.85
1661,1662,112.8
1662,1663,13.71
1663,1664,24.9
1664,1665,286.29
1665,1666,24.18
1666,1667,281.97
1667,1668,69.5
1668,1669,166.44
1669,1670,6.408
1670,1671,5.104
1671,1672,2.896
1672,1673,35.016
1673,1674,275.97
1674,1675,1394.95
1675,1676,545.88
1676,1677,933.536
1677,1678,42.976
1678,1679,479.96
1679,1680,320.88
1680,1681,23.88
1681,1682,26.76
1682,1683,1439.976
1683,1684,17.22
1684,1685,1024.38
1685,1686,26.22
1686,1687,17.34
1687,1688,4.956
1688,1689,71.04
1689,1690,11.304
1690,1691,294.62
1691,1692,8.752
1692,1693,15.0
1693,1694,161.61
1694,1695,144.95
1695,1696,199.95
1696,1697,304.45
1697,1698,29.68
1698,1699,47.53
1699,1700,183.372
1700,1701,4.224
1701,1702,333.056
1702,1703,24.896
1703,1704,46.344
1704,1705,350.98
1705,1706,13.08
1706,1707,900.08
1707,1708,33.36
1708,1709,40.14
1709,1710,1606.23
1710,1711,49.53
1711,1712,872.32
1712,1713,239.12
1713,1714,141.96
1714,1715,33.024
1715,1716,67.136
1716,1717,104.9
1717,1718,61.04
1718,1719,9.392
1719,1720,9.328
1720,1721,269.97
1721,1722,29.04
1722,1723,4.536
1723,1724,9.156
1724,1725,75.36
1725,1726,57.504
1726,1727,38.864
1727,1728,162.64
1728,1729,597.0
1729,1730,289.8
1730,1731,341.488
1731,1732,11.12
1732,1733,17.31
1733,1734,1586.69
1734,1735,84.99
1735,1736,411.8
1736,1737,80.3
1737,1738,15.968
1738,1739,64.74
1739,1740,19.296
1740,1741,405.64
1741,1742,146.352
1742,1743,251.91
1743,1744,199.96
1744,1745,710.832
1745,1746,1.941
1746,1747,7.312
1747,1748,761.544
1748,1749,58.2
1749,1750,39.9
1750,1751,90.86
1751,1752,106.232
1752,1753,111.984
1753,1754,18.45
1754,1755,324.9
1755,1756,5.76
1756,1757,26.55
1757,1758,310.443
1758,1759,479.9
1759,1760,12.88
1760,1761,511.84
1761,1762,279.944
1762,1763,636.408
1763,1764,83.168
1764,1765,259.136
1765,1766,221.92
1766,1767,26.0
1767,1768,0.876
1768,1769,17.45
1769,1770,1295.84
1770,1771,46.84
1771,1772,425.833
1772,1773,209.67
1773,1774,159.88
1774,1775,2.808
1775,1776,215.976
1776,1777,241.96
1777,1778,27.72
1778,1779,104.68
1779,1780,86.376
1780,1781,64.944
1781,1782,33.28
1782,1783,38.52
1783,1784,19.65
1784,1785,152.991
1785,1786,10.584
1786,1787,94.92
1787,1788,14.76
1788,1789,3.656
1789,1790,149.544
1790,1791,17.14
1791,1792,991.764
1792,1793,23.988
1793,1794,16.688
1794,1795,422.058
1795,1796,38.088
1796,1797,254.352
1797,1798,43.31
1798,1799,84.95
1799,1800,233.058
1800,1801,111.79
1801,1802,14.94
1802,1803,14.16
1803,1804,22.608
1804,1805,8.808
1805,1806,79.384
1806,1807,314.55
1807,1808,191.976
1808,1809,8.288
1809,1810,139.92
1810,1811,15.872
1811,1812,6.286
1812,1813,305.312
1813,1814,19.752
1814,1815,9.264
1815,1816,61.792
1816,1817,45.68
1817,1818,60.12
1818,1819,41.72
1819,1820,71.6
1820,1821,85.232
1821,1822,44.4
1822,1823,442.764
1823,1824,3999.95
1824,1825,63.68
1825,1826,54.896
1826,1827,70.08
1827,1828,121.3
1828,1829,1454.49
1829,1830,60.81
1830,1831,153.552
1831,1832,65.34
1832,1833,123.92
1833,1834,35.1
1834,1835,4.704
1835,1836,14.67
1836,1837,5.232
1837,1838,881.93
1838,1839,191.82
1839,1840,20.104
1840,1841,67.56
1841,1842,29.932
1842,1843,38.272
1843,1844,832.93
1844,1845,43.8
1845,1846,167.292
1846,1847,27.42
1847,1848,1.44
1848,1849,61.776
1849,1850,108.608
1850,1851,2.816
1851,1852,9.984
1852,1853,14.98
1853,1854,1145.6
1854,1855,485.94
1855,1856,37.376
1856,1857,70.686
1857,1858,72.294
1858,1859,124.792
1859,1860,330.588
1860,1861,673.568
1861,1862,52.98
1862,1863,526.45
1863,1864,228.92
1864,1865,319.968
1865,1866,205.03
1866,1867,190.86
1867,1868,24.32
1868,1869,1016.792
1869,1870,38.136
1870,1871,494.982
1871,1872,9.02
1872,1873,8.62
1873,1874,541.44
1874,1875,43.26
1875,1876,43.56
1876,1877,437.85
1877,1878,1212.96
1878,1879,18.54
1879,1880,5.0
1880,1881,359.97
1881,1882,499.98
1882,1883,6.984
1883,1884,47.96
1884,1885,199.74
1885,1886,435.26
1886,1887,1119.984
1887,1888,143.432
1888,1889,122.352
1889,1890,306.2
1890,1891,85.98
1891,1892,223.96
1892,1893,97.568
1893,1894,614.272
1894,1895,48.16
1895,1896,60.69
1896,1897,35.04
1897,1898,17.48
1898,1899,892.98
1899,1900,595.38
1900,1901,4.95
1901,1902,181.95
1902,1903,13.52
1903,1904,259.7
1904,1905,42.95
1905,1906,12.72
1906,1907,723.92
1907,1908,106.32
1908,1909,27.216
1909,1910,390.75
1910,1911,280.792
1911,1912,68.448
1912,1913,88.04
1913,1914,215.592
1914,1915,416.32
1915,1916,43.0
1916,1917,60.83
1917,1918,389.97
1918,1919,194.32
1919,1920,265.93
1920,1921,94.74
1921,1922,60.64
1922,1923,76.3
1923,1924,364.8
1924,1925,79.872
1925,1926,46.384
1926,1927,547.136
1927,1928,41.7
1928,1929,277.4
1929,1930,69.216
1930,1931,426.79
1931,1932,45.92
1932,1933,10.72
1933,1934,63.2
1934,1935,113.97
1935,1936,123.552
1936,1937,490.32
1937,1938,1.272
1938,1939,557.585
1939,1940,9.024
1940,1941,69.456
1941,1942,79.47
1942,1943,10.08
1943,1944,1552.831
1944,1945,137.24
1945,1946,36.51
1946,1947,239.976
1947,1948,1579.746
1948,1949,1071.576
1949,1950,613.908
1950,1951,34.86
1951,1952,155.04
1952,1953,127.88
1953,1954,160.32
1954,1955,46.0
1955,1956,120.712
1956,1957,532.704
1957,1958,4.912
1958,1959,60.288
1959,1960,2.632
1960,1961,23.688
1961,1962,253.372
1962,1963,5.67
1963,1964,76.776
1964,1965,9.184
1965,1966,32.75
1966,1967,7.216
1967,1968,49.568
1968,1969,54.712
1969,1970,176.04
1970,1971,16.02
1971,1972,185.92
1972,1973,211.168
1973,1974,479.984
1974,1975,7.86
1975,1976,1619.91
1976,1977,113.92
1977,1978,39.68
1978,1979,37.6
1979,1980,59.9
1980,1981,37.0
1981,1982,628.81
1982,1983,56.45
1983,1984,94.2
1984,1985,956.6648
1985,1986,1115.91
1986,1987,128.744
1987,1988,24.2
1988,1989,359.976
1989,1990,211.84
1990,1991,7.52
1991,1992,629.064
1992,1993,754.45
1993,1994,595.0
1994,1995,2396.4
1995,1996,63.56
1996,1997,158.928
1997,1998,13.023
1998,1999,273.06
1999,2000,39.312
2000,2001,1.344
2001,2002,8.272
2002,2003,12.544
2003,2004,58.48
2004,2005,7.4
2005,2006,366.786
2006,2007,54.368
2007,2008,33.96
2008,2009,826.11
2009,2010,545.85
2010,2011,145.98
2011,2012,35.808
2012,2013,7.904
2013,2014,345.0
2014,2015,174.286
2015,2016,662.84
2016,2017,95.1
2017,2018,26.88
2018,2019,257.98
2019,2020,492.835
2020,2021,269.49
2021,2022,29.12
2022,2023,18.75
2023,2024,119.7
2024,2025,57.06
2025,2026,107.44
2026,2027,7.31
2027,2028,59.1
2028,2029,46.53
2029,2030,97.84
2030,2031,29.97
2031,2032,98.352
2032,2033,136.99
2033,2034,9.11
2034,2035,571.44
2035,2036,16.91
2036,2037,14.272
2037,2038,451.136
2038,2039,64.864
2039,2040,217.584
2040,2041,82.95
2041,2042,87.71
2042,2043,1101.48
2043,2044,1322.352
2044,2045,11.184
2045,2046,153.584
2046,2047,1003.62
2047,2048,1137.75
2048,2049,99.68
2049,2050,85.52
2050,2051,631.96
2051,2052,90.24
2052,2053,4548.81
2053,2054,300.93
2054,2055,719.96
2055,2056,64.17
2056,2057,124.46
2057,2058,9.584
2058,2059,37.608
2059,2060,12.224
2060,2061,2.304
2061,2062,9.36
2062,2063,53.72
2063,2064,8187.65
2064,2065,77.92
2065,2066,32.784
2066,2067,196.776
2067,2068,479.94
2068,2069,1117.92
2069,2070,106.5
2070,2071,45.66
2071,2072,264.32
2072,2073,604.656
2073,2074,129.93
2074,2075,29.46
2075,2076,868.59
2076,2077,5.5
2077,2078,121.6
2078,2079,42.048
2079,2080,25.488
2080,2081,6.9
2081,2082,9.648
2082,2083,17.96
2083,2084,12.67
2084,2085,1801.632
2085,2086,46.32
2086,2087,181.986
2087,2088,431.976
2088,2089,155.37
2089,2090,1348.704
2090,2091,700.152
2091,2092,111.888
2092,2093,143.952
2093,2094,173.94
2094,2095,205.92
2095,2096,102.833
2096,2097,1879.96
2097,2098,313.024
2098,2099,821.88
2099,2100,21.96
2100,2101,705.544
2101,2102,51.712
2102,2103,6.992
2103,2104,1406.86
2104,2105,15.75
2105,2106,323.1
2106,2107,9.216
2107,2108,15.02
2108,2109,33.82
2109,2110,71.0
2110,2111,2665.62
2111,2112,478.08
2112,2113,164.388
2113,2114,13.248
2114,2115,2.912
2115,2116,1399.944
2116,2117,16.23
2117,2118,319.9
2118,2119,675.12
2119,2120,62.82
2120,2121,489.92
2121,2122,155.35
2122,2123,12.42
2123,2124,187.98
2124,2125,6.608
2125,2126,248.57
2126,2127,246.168
2127,2128,14.136
2128,2129,601.47
2129,2130,79.1
2130,2131,327.84
2131,2132,180.96
2132,2133,914.97
2133,2134,587.97
2134,2135,530.34
2135,2136,121.94
2136,2137,122.71
2137,2138,1349.85
2138,2139,136.784
2139,2140,61.12
2140,2141,1.167
2141,2142,16.99
2142,2143,2.52
2143,2144,1218.735
2144,2145,5.904
2145,2146,230.28
2146,2147,18.288
2147,2148,121.68
2148,2149,4.17
2149,2150,67.04
2150,2151,37.32
2151,2152,11199.968
2152,2153,2399.6
2153,2154,52.99
2154,2155,60.864
2155,2156,652.995
2156,2157,11.22
2157,2158,42.624
2158,2159,220.96
2159,2160,7.23
2160,2161,19.04
2161,2162,64.14
2162,2163,858.24
2163,2164,36.792
2164,2165,18.624
2165,2166,57.69
2166,2167,42.81
2167,2168,424.9575
2168,2169,10.776
2169,2170,164.88
2170,2171,1292.94
2171,2172,25.584
2172,2173,261.74
2173,2174,883.84
2174,2175,1979.89
2175,2176,8.76
2176,2177,3.984
2177,2178,370.62
2178,2179,2.742
2179,2180,79.512
2180,2181,28.352
2181,2182,105.96
2182,2183,785.88
2183,2184,26.2
2184,2185,1325.85
2185,2186,43.584
2186,2187,11.088
2187,2188,25.164
2188,2189,89.52
2189,2190,350.973
2190,2191,164.99
2191,2192,312.552
2192,2193,95.952
2193,2194,3.204
2194,2195,3.98
2195,2196,15.7
2196,2197,5.346
2197,2198,108.576
2198,2199,109.9
2199,2200,15.384
2200,2201,30.352
2201,2202,821.3
2202,2203,22638.48
2203,2204,21.376
2204,2205,8.016
2205,2206,30.768
2206,2207,18.936
2207,2208,116.28
2208,2209,132.6
2209,2210,227.36
2210,2211,1919.976
2211,2212,12.828
2212,2213,45.888
2213,2214,13.9
2214,2215,129.98
2215,2216,71.98
2216,2217,377.97
2217,2218,124.36
2218,2219,58.24
2219,2220,81.2
2220,2221,14.45
2221,2222,95.648
2222,2223,350.352
2223,2224,1.641
2224,2225,629.958
2225,2226,799.96
2226,2227,107.53
2227,2228,73.98
2228,2229,5.58
2229,2230,42.28
2230,2231,89.98
2231,2232,477.24
2232,2233,25.98
2233,2234,35.34
2234,2235,257.64
2235,2236,125.976
2236,2237,79.992
2237,2238,700.056
2238,2239,8.226
2239,2240,585.552
2240,2241,423.28
2241,2242,225.296
2242,2243,323.37
2243,2244,783.96
2244,2245,1447.65
2245,2246,76.92
2246,2247,481.32
2247,2248,48.4
2248,2249,0.99
2249,2250,101.84
2250,2251,10.332
2251,2252,31.155
2252,2253,34.384
2253,2254,1924.16
2254,2255,32.192
2255,2256,50.12
2256,2257,54.5
2257,2258,19.104
2258,2259,49.44
2259,2260,60.984
2260,2261,195.466
2261,2262,59.2
2262,2263,601.536
2263,2264,7.9
2264,2265,58.36
2265,2266,16.464
2266,2267,25.96
2267,2268,36.27
2268,2269,1075.088
2269,2270,438.368
2270,2271,18.088
2271,2272,308.499
2272,2273,145.85
2273,2274,7.88
2274,2275,25.68
2275,2276,47.516
2276,2277,9.42
2277,2278,704.9
2278,2279,561.568
2279,2280,179.82
2280,2281,185.58
2281,2282,214.11
2282,2283,999.96
2283,2284,653.55
2284,2285,114.6
2285,2286,60.74
2286,2287,1088.76
2287,2288,298.776
2288,2289,47.584
2289,2290,33.792
2290,2291,300.5328
2291,2292,108.336
2292,2293,55.92
2293,2294,443.92
2294,2295,155.976
2295,2296,15.47
2296,2297,10.89
2297,2298,120.33
2298,2299,1139.92
2299,2300,229.544
2300,2301,143.728
2301,2302,36.048
2302,2303,845.488
2303,2304,762.594
2304,2305,56.28
2305,2306,2690.97
2306,2307,7.434
2307,2308,28.16
2308,2309,20.32
2309,2310,40.29
2310,2311,20.23
2311,2312,1603.136
2312,2313,1628.82
2313,2314,286.93
2314,2315,83.79
2315,2316,14.72
2316,2317,38.976
2317,2318,314.352
2318,2319,4.26
2319,2320,811.28
2320,2321,6.03
2321,2322,153.568
2322,2323,1013.488
2323,2324,52.34
2324,2325,4.66
2325,2326,254.97
2326,2327,25.44
2327,2328,8.85
2328,2329,6.96
2329,2330,307.92
2330,2331,23.85
2331,2332,51.96
2332,2333,69.08
2333,2334,49.65
2334,2335,959.968
2335,2336,408.422
2336,2337,12.6
2337,2338,184.66
2338,2339,37.464
2339,2340,539.658
2340,2341,310.12
2341,2342,52.4
2342,2343,387.136
2343,2344,39.552
2344,2345,135.72
2345,2346,12.56
2346,2347,5.952
2347,2348,15.8
2348,2349,70.448
2349,2350,129.3
2350,2351,3.882
2351,2352,6.08
2352,2353,70.71
2353,2354,1633.188
2354,2355,19.76
2355,2356,144.784
2356,2357,156.792
2357,2358,35.89
2358,2359,47.208
2359,2360,248.08
2360,2361,189.7
2361,2362,90.99
2362,2363,1526.56
2363,2364,368.97
2364,2365,305.01
2365,2366,18.7
2366,2367,38.29
2367,2368,43.7
2368,2369,41.6
2369,2370,113.888
2370,2371,671.984
2371,2372,191.646
2372,2373,2.313
2373,2374,20.34
2374,2375,39.28
2375,2376,81.568
2376,2377,97.184
2377,2378,32.952
2378,2379,30.016
2379,2380,499.584
2380,2381,28.272
2381,2382,10.8
2382,2383,188.552
2383,2384,22.58
2384,2385,545.94
2385,2386,43.296
2386,2387,123.136
2387,2388,11.264
2388,2389,275.49
2389,2390,19.36
2390,2391,1267.65
2391,2392,12.99
2392,2393,18.56
2393,2394,31.248
2394,2395,55.36
2395,2396,206.991
2396,2397,44.416
2397,2398,9.006
2398,2399,19.0
2399,2400,33.376
2400,2401,207.48
2401,2402,904.9
2402,2403,34.272
2403,2404,243.88
2404,2405,12.03
2405,2406,2549.985
2406,2407,21.594
2407,2408,8.964
2408,2409,344.22
2409,2410,727.296
2410,2411,666.4
2411,2412,66.69
2412,2413,327.7328
2413,2414,52.272
2414,2415,504.9
2415,2416,403.168
2416,2417,25.99
2417,2418,195.136
2418,2419,53.7
2419,2420,36.26
2420,2421,56.3
2421,2422,29.16
2422,2423,171.288
2423,2424,16.72
2424,2425,22.18
2425,2426,2054.272
2426,2427,1022.97
2427,2428,227.84
2428,2429,37.94
2429,2430,517.9
2430,2431,2799.96
2431,2432,8.96
2432,2433,31.5
2433,2434,30.56
2434,2435,24.368
2435,2436,119.976
2436,2437,83.97
2437,2438,104.97
2438,2439,90.8
2439,2440,214.95
2440,2441,288.24
2441,2442,663.936
2442,2443,2934.33
2443,2444,124.41
2444,2445,57.75
2445,2446,114.46
2446,2447,120.666
2447,2448,342.864
2448,2449,981.372
2449,2450,31.84
2450,2451,58.34
2451,2452,539.97
2452,2453,3.928
2453,2454,252.784
2454,2455,127.984
2455,2456,61.0
2456,2457,447.86
2457,2458,479.95
2458,2459,31.68
2459,2460,12.032
2460,2461,5.768
2461,2462,33.12
2462,2463,220.2656
2463,2464,242.352
2464,2465,695.16
2465,2466,220.98
2466,2467,12.957
2467,2468,298.464
2468,2469,21.93
2469,2470,7.64
2470,2471,265.17
2471,2472,837.6
2472,2473,135.9
2473,2474,43.1
2474,2475,1123.92
2475,2476,249.584
2476,2477,48.672
2477,2478,60.768
2478,2479,3.768
2479,2480,1036.624
2480,2481,563.808
2481,2482,258.528
2482,2483,395.0
2483,2484,627.168
2484,2485,13.28
2485,2486,12.672
2486,2487,77.952
2487,2488,67.992
2488,2489,44.784
2489,2490,22.848
2490,2491,206.43
2491,2492,210.392
2492,2493,10.608
2493,2494,347.802
2494,2495,963.136
2495,2496,88.776
2496,2497,31.05
2497,2498,2025.36
2498,2499,1799.994
2499,2500,101.988
2500,2501,262.864
2501,2502,735.98
2502,2503,93.024
2503,2504,67.64
2504,2505,5.18
2505,2506,15.56
2506,2507,78.35
2507,2508,239.984
2508,2509,19.35
2509,2510,67.0
2510,2511,390.272
2511,2512,62.192
2512,2513,528.43
2513,2514,13.392
2514,2515,181.86
2515,2516,180.588
2516,2517,18.76
2517,2518,58.68
2518,2519,254.9
2519,2520,826.62
2520,2521,1633.14
2521,2522,544.38
2522,2523,26.046
2523,2524,20.928
2524,2525,6.37
2525,2526,3.366
2526,2527,18.704
2527,2528,149.232
2528,2529,10.99
2529,2530,62.24
2530,2531,53.2
2531,2532,39.84
2532,2533,349.95
2533,2534,377.928
2534,2535,11.228
2535,2536,207.24
2536,2537,1.504
2537,2538,931.176
2538,2539,430.88
2539,2540,51.12
2540,2541,90.0
2541,2542,9.408
2542,2543,318.4
2543,2544,12.768
2544,2545,15.36
2545,2546,375.34
2546,2547,32.544
2547,2548,181.797
2548,2549,44.94
2549,2550,45.576
2550,2551,318.43
2551,2552,122.92
2552,2553,7.068
2553,2554,13.468
2554,2555,219.8
2555,2556,317.058
2556,2557,18.24
2557,2558,24.85
2558,2559,60.312
2559,2560,7.056
2560,2561,27.184
2561,2562,107.984
2562,2563,79.974
2563,2564,3.136
2564,2565,99.98
2565,2566,733.95
2566,2567,241.44
2567,2568,281.904
2568,2569,201.432
2569,2570,135.98
2570,2571,44.95
2571,2572,6.54
2572,2573,203.92
2573,2574,3359.952
2574,2575,27.78
2575,2576,28.99
2576,2577,4164.05
2577,2578,63.924
2578,2579,6.56
2579,2580,13.11
2580,2581,29.2
2581,2582,248.85
2582,2583,11.68
2583,2584,11.91
2584,2585,3.48
2585,2586,30.96
2586,2587,1704.89
2587,2588,19.194
2588,2589,50.997
2589,2590,76.792
2590,2591,539.964
2591,2592,1.944
2592,2593,12.984
2593,2594,328.776
2594,2595,2.286
2595,2596,232.4
2596,2597,86.45
2597,2598,81.98
2598,2599,271.764
2599,2600,14.376
2600,2601,341.96
2601,2602,181.35
2602,2603,43.512
2603,2604,68.94
2604,2605,128.82
2605,2606,896.99
2606,2607,1.234
2607,2608,262.336
2608,2609,241.176
2609,2610,227.976
2610,2611,52.68
2611,2612,2.032
2612,2613,431.968
2613,2614,568.728
2614,2615,117.144
2615,2616,203.52
2616,2617,51.75
2617,2618,244.615
2618,2619,81.54
2619,2620,50.8
2620,2621,16.03
2621,2622,435.999
2622,2623,359.98
2623,2624,70.56
2624,2625,3.81
2625,2626,73.008
2626,2627,3.208
2627,2628,26.176
2628,2629,30.44
2629,2630,35.28
2630,2631,37.88
2631,2632,66.048
2632,2633,1287.45
2633,2634,160.96
2634,2635,28.44
2635,2636,364.41
2636,2637,361.764
2637,2638,111.672
2638,2639,13.776
2639,2640,24.048
2640,2641,384.174
2641,2642,1799.75
2642,2643,580.672
2643,2644,222.384
2644,2645,50.454
2645,2646,1091.168
2646,2647,219.168
2647,2648,6.928
2648,2649,40.032
2649,2650,169.99
2650,2651,36.99
2651,2652,629.1
2652,2653,193.95
2653,2654,22.288
2654,2655,65.424
2655,2656,281.372
2656,2657,7.488
2657,2658,22.336
2658,2659,65.79
2659,2660,271.984
2660,2661,11.76
2661,2662,77.52
2662,2663,48.64
2663,2664,1.81
2664,2665,262.24
2665,2666,131.6
2666,2667,558.4
2667,2668,1408.1
2668,2669,32.896
2669,2670,215.148
2670,2671,128.9
2671,2672,14.976
2672,2673,15.08
2673,2674,24.288
2674,2675,16.192
2675,2676,251.006
2676,2677,54.192
2677,2678,4.304
2678,2679,108.92
2679,2680,2504.74
2680,2681,29.9
2681,2682,70.88
2682,2683,27.264
2683,2684,56.65
2684,2685,14.97
2685,2686,471.92
2686,2687,58.72
2687,2688,16.496
2688,2689,22.512
2689,2690,3.444
2690,2691,538.194
2691,2692,492.768
2692,2693,286.79
2693,2694,5.08
2694,2695,361.96
2695,2696,278.82
2696,2697,133.38
2697,2698,10.848
2698,2699,18.544
2699,2700,180.98
2700,2701,34.95
2701,2702,152.0
2702,2703,1421.664
2703,2704,579.95
2704,2705,1202.94
2705,2706,36.192
2706,2707,147.184
2707,2708,382.116
2708,2709,435.504
2709,2710,72.0
2710,2711,655.9
2711,2712,513.024
2712,2713,487.92
2713,2714,209.97
2714,2715,62.94
2715,2716,95.736
2716,2717,193.0656
2717,2718,418.8
2718,2719,509.488
2719,2720,825.174
2720,2721,17.76
2721,2722,6.912
2722,2723,66.3
2723,2724,30.816
2724,2725,569.536
2725,2726,796.425
2726,2727,12.832
2727,2728,404.94
2728,2729,116.0
2729,2730,657.552
2730,2731,599.97
2731,2732,38.97
2732,2733,45.84
2733,2734,38.24
2734,2735,87.168
2735,2736,54.9
2736,2737,287.968
2737,2738,10.75
2738,2739,11.62
2739,2740,83.25
2740,2741,20.65
2741,2742,5.352
2742,2743,99.372
2743,2744,2.672
2744,2745,28.672
2745,2746,29.312
2746,2747,105.98
2747,2748,33.94
2748,2749,45.528
2749,2750,844.116
2750,2751,812.736
2751,2752,7.476
2752,2753,604.752
2753,2754,10.128
2754,2755,21.792
2755,2756,439.8
2756,2757,8.256
2757,2758,25.56
2758,2759,1577.94
2759,2760,59.98
2760,2761,2395.2
2761,2762,1687.8
2762,2763,104.8
2763,2764,14.496
2764,2765,4.784
2765,2766,4.73
2766,2767,7.89
2767,2768,65.5
2768,2769,2430.08
2769,2770,3.9
2770,2771,801.96
2771,2772,191.96
2772,2773,1169.694
2773,2774,1665.62
2774,2775,1443.96
2775,2776,2.92
2776,2777,465.18
2777,2778,22.428
2778,2779,37.52
2779,2780,64.704
2780,2781,135.516
2781,2782,12.448
2782,2783,657.93
2783,2784,25.16
2784,2785,91.92
2785,2786,139.44
2786,2787,27.096
2787,2788,177.568
2788,2789,58.416
2789,2790,16.448
2790,2791,36.784
2791,2792,718.116
2792,2793,31.776
2793,2794,9.555
2794,2795,217.85
2795,2796,40.776
2796,2797,63.936
2797,2798,142.4
2798,2799,681.408
2799,2800,3.52
2800,2801,36.32
2801,2802,2060.744
2802,2803,213.136
2803,2804,69.52
2804,2805,763.44
2805,2806,41.958
2806,2807,89.568
2807,2808,22.248
2808,2809,334.88
2809,2810,148.288
2810,2811,178.92
2811,2812,69.888
2812,2813,47.3
2813,2814,155.12
2814,2815,15.52
2815,2816,55.104
2816,2817,104.88
2817,2818,34.7
2818,2819,33.72
2819,2820,638.73
2820,2821,9.096
2821,2822,8.688
2822,2823,30.88
2823,2824,33.8
2824,2825,258.9
2825,2826,27.888
2826,2827,6.456
2827,2828,13.88
2828,2829,8.872
2829,2830,127.372
2830,2831,464.97
2831,2832,181.96
2832,2833,84.09
2833,2834,153.36
2834,2835,43.68
2835,2836,98.21
2836,2837,43.92
2837,2838,59.994
2838,2839,439.992
2839,2840,87.96
2840,2841,15.488
2841,2842,232.96
2842,2843,66.54
2843,2844,79.4
2844,2845,163.96
2845,2846,37.93
2846,2847,15.168
2847,2848,24.78
2848,2849,19.14
2849,2850,899.97
2850,2851,6.368
2851,2852,34.176
2852,2853,5.544
2853,2854,510.24
2854,2855,204.95
2855,2856,162.6
2856,2857,23.55
2857,2858,249.95
2858,2859,18.92
2859,2860,35.712
2860,2861,551.985
2861,2862,360.38
2862,2863,636.86
2863,2864,499.99
2864,2865,1259.93
2865,2866,65.08
2866,2867,71.97
2867,2868,32.54
2868,2869,10.9
2869,2870,61.929
2870,2871,11.85
2871,2872,118.25
2872,2873,321.92
2873,2874,879.984
2874,2875,42.784
2875,2876,563.43
2876,2877,111.104
2877,2878,16.9
2878,2879,24.4
2879,2880,87.6
2880,2881,8.52
2881,2882,1013.832
2882,2883,1.984
2883,2884,2003.52
2884,2885,62.91
2885,2886,383.976
2886,2887,335.944
2887,2888,273.96
2888,2889,269.982
2889,2890,720.064
2890,2891,41.424
2891,2892,3.132
2892,2893,1085.42
2893,2894,3.912
2894,2895,62.376
2895,2896,29.05
2896,2897,4.419
2897,2898,16.032
2898,2899,57.23
2899,2900,333.0
2900,2901,36.44
2901,2902,523.764
2902,2903,1359.96
2903,2904,102.592
2904,2905,35.008
2905,2906,39.152
2906,2907,5.238
2907,2908,4.662
2908,2909,523.92
2909,2910,146.136
2910,2911,25.06
2911,2912,19.824
2912,2913,823.96
2913,2914,15.984
2914,2915,1056.86
2915,2916,12.816
2916,2917,18.98
2917,2918,991.2
2918,2919,1458.65
2919,2920,26.64
2920,2921,476.8
2921,2922,87.444
2922,2923,76.14
2923,2924,19.96
2924,2925,1049.97
2925,2926,611.058
2926,2927,2.368
2927,2928,19.008
2928,2929,911.984
2929,2930,674.352
2930,2931,134.01
2931,2932,170.97
2932,2933,170.352
2933,2934,6.28
2934,2935,480.74
2935,2936,616.998
2936,2937,691.96
2937,2938,85.96
2938,2939,85.3
2939,2940,33.568
2940,2941,3.564
2941,2942,447.944
2942,2943,480.96
2943,2944,40.176
2944,2945,10.896
2945,2946,10.64
2946,2947,151.96
2947,2948,155.34
2948,2949,148.32
2949,2950,240.784
2950,2951,191.968
2951,2952,11.8
2952,2953,842.352
2953,2954,23.472
2954,2955,86.058
2955,2956,108.784
2956,2957,38.19
2957,2958,52.096
2958,2959,364.704
2959,2960,40.256
2960,2961,12.128
2961,2962,134.85
2962,2963,356.94
2963,2964,659.9
2964,2965,1684.752
2965,2966,559.92
2966,2967,9.98
2967,2968,48.9
2968,2969,270.34
2969,2970,98.112
2970,2971,10.428
2971,2972,41.988
2972,2973,7.584
2973,2974,352.45
2974,2975,801.6
2975,2976,16.096
2976,2977,7.656
2977,2978,311.976
2978,2979,61.68
2979,2980,26.72
2980,2981,30.28
2981,2982,57.93
2982,2983,241.332
2983,2984,145.544
2984,2985,5.472
2985,2986,9.4
2986,2987,74.0
2987,2988,197.372
2988,2989,1424.9
2989,2990,835.17
2990,2991,44.384
2991,2992,2.944
2992,2993,48.848
2993,2994,19.648
2994,2995,255.108
2995,2996,17.248
2996,2997,5.47
2997,2998,22.14
2998,2999,11.277
2999,3000,4.448
3000,3001,44.76
3001,3002,38.28
3002,3003,44.67
3003,3004,40.635
3004,3005,5.728
3005,3006,42.24
3006,3007,53.82
3007,3008,414.0
3008,3009,41.328
3009,3010,39.92
3010,3011,8.94
3011,3012,53.316
3012,3013,56.52
3013,3014,22.77
3014,3015,257.499
3015,3016,2591.56
3016,3017,41.95
3017,3018,79.12
3018,3019,52.96
3019,3020,286.344
3020,3021,63.552
3021,3022,41.376
3022,3023,172.704
3023,3024,512.94
3024,3025,860.93
3025,3026,769.95
3026,3027,373.08
3027,3028,231.92
3028,3029,63.47
3029,3030,637.896
3030,3031,287.91
3031,3032,36.6
3032,3033,1.78
3033,3034,101.94
3034,3035,474.43
3035,3036,39.296
3036,3037,542.94
3037,3038,193.8
3038,3039,97.88
3039,3040,25.86
3040,3041,170.058
3041,3042,82.782
3042,3043,853.93
3043,3044,556.665
3044,3045,95.84
3045,3046,29.664
3046,3047,12.864
3047,3048,232.88
3048,3049,236.88
3049,3050,18.693
3050,3051,383.952
3051,3052,21.12
3052,3053,767.952
3053,3054,274.77
3054,3055,204.85
3055,3056,23.992
3056,3057,599.9
3057,3058,276.69
3058,3059,172.764
3059,3060,409.272
3060,3061,55.44
3061,3062,67.176
3062,3063,646.2
3063,3064,72.744
3064,3065,572.16
3065,3066,68.112
3066,3067,25.032
3067,3068,39.992
3068,3069,3.104
3069,3070,47.808
3070,3071,978.84
3071,3072,13.14
3072,3073,10.024
3073,3074,156.3728
3074,3075,999.98
3075,3076,821.94
3076,3077,220.064
3077,3078,339.136
3078,3079,60.048
3079,3080,5.022
3080,3081,7.857
3081,3082,302.384
3082,3083,20.952
3083,3084,638.82
3084,3085,221.024
3085,3086,3080.0
3086,3087,404.9
3087,3088,9449.95
3088,3089,12.94
3089,3090,2.264
3090,3091,0.444
3091,3092,146.176
3092,3093,159.96
3093,3094,4.312
3094,3095,27.414
3095,3096,160.98
3096,3097,8.856
3097,3098,158.376
3098,3099,1219.96
3099,3100,454.86
3100,3101,91.392
3101,3102,37.59
3102,3103,26.032
3103,3104,91.032
3104,3105,54.66
3105,3106,67.344
3106,3107,2624.985
3107,3108,73.28
3108,3109,14.48
3109,3110,112.12
3110,3111,1575.14
3111,3112,6.924
3112,3113,37.392
3113,3114,57.42
3114,3115,12.74
3115,3116,120.784
3116,3117,9.762
3117,3118,13.72
3118,3119,55.2
3119,3120,29.24
3120,3121,26.064
3121,3122,671.94
3122,3123,169.064
3123,3124,168.624
3124,3125,433.568
3125,3126,629.95
3126,3127,46.35
3127,3128,4.24
3128,3129,319.96
3129,3130,344.91
3130,3131,81.94
3131,3132,6.874
3132,3133,1.996
3133,3134,10499.97
3134,3135,696.42
3135,3136,304.776
3136,3137,51.98
3137,3138,24.7
3138,3139,394.816
3139,3140,18.192
3140,3141,799.984
3141,3142,49.25
3142,3143,34.08
3143,3144,17.67
3144,3145,1604.9
3145,3146,385.686
3146,3147,128.4
3147,3148,62.28
3148,3149,482.664
3149,3150,4799.984
3150,3151,385.8
3151,3152,102.96
3152,3153,174.42
3153,3154,1.964
3154,3155,94.428
3155,3156,61.584
3156,3157,22.48
3157,3158,332.028
3158,3159,11.394
3159,3160,6.316
3160,3161,20.808
3161,3162,11.416
3162,3163,19.83
3163,3164,20.232
3164,3165,27.81
3165,3166,1.64
3166,3167,20.9
3167,3168,88.08
3168,3169,751.92
3169,3170,887.103
3170,3171,55.944
3171,3172,11.824
3172,3173,96.784
3173,3174,10.476
3174,3175,196.784
3175,3176,47.98
3176,3177,80.48
3177,3178,11.673
3178,3179,863.128
3179,3180,12.588
3180,3181,871.4
3181,3182,692.472
3182,3183,207.76
3183,3184,3.592
3184,3185,48.632
3185,3186,9099.93
3186,3187,25.3
3187,3188,69.264
3188,3189,1103.97
3189,3190,246.1328
3190,3191,11.696
3191,3192,14.088
3192,3193,896.328
3193,3194,189.0
3194,3195,53.982
3195,3196,129.39
3196,3197,54.32
3197,3198,4367.896
3198,3199,161.376
3199,3200,2.784
3200,3201,59.752
3201,3202,63.92
3202,3203,383.96
3203,3204,7.752
3204,3205,666.344
3205,3206,573.728
3206,3207,447.968
3207,3208,16.78
3208,3209,20.96
3209,3210,304.23
3210,3211,167.86
3211,3212,82.38
3212,3213,33.29
3213,3214,323.982
3214,3215,9.21
3215,3216,18.0
3216,3217,42.93
3217,3218,50.88
3218,3219,27.312
3219,3220,107.97
3220,3221,113.82
3221,3222,657.504
3222,3223,99.54
3223,3224,631.782
3224,3225,60.72
3225,3226,415.872
3226,3227,27.12
3227,3228,1598.058
3228,3229,36.96
3229,3230,77.72
3230,3231,520.464
3231,3232,131.94
3232,3233,704.76
3233,3234,7.41
3234,3235,21.5
3235,3236,10.528
3236,3237,20.544
3237,3238,159.75
3238,3239,103.968
3239,3240,303.25
3240,3241,270.72
3241,3242,1487.04
3242,3243,71.88
3243,3244,253.176
3244,3245,384.944
3245,3246,913.43
3246,3247,183.968
3247,3248,1259.97
3248,3249,68.97
3249,3250,59.96
3250,3251,25.984
3251,3252,27.36
3252,3253,361.376
3253,3254,172.186
3254,3255,69.008
3255,3256,199.9
3256,3257,901.95
3257,3258,971.5
3258,3259,11.328
3259,3260,21.24
3260,3261,34.8
3261,3262,9.08
3262,3263,4.91
3263,3264,59.7
3264,3265,387.99
3265,3266,30.4
3266,3267,478.24
3267,3268,190.848
3268,3269,5.484
3269,3270,40.92
3270,3271,17.24
3271,3272,302.94
3272,3273,34.75
3273,3274,113.94
3274,3275,27.18
3275,3276,1805.88
3276,3277,20.0
3277,3278,7.98
3278,3279,8.75
3279,3280,842.94
3280,3281,2.182
3281,3282,27.384
3282,3283,26.406
3283,3284,109.95
3284,3285,965.85
3285,3286,169.45
3286,3287,25.4
3287,3288,43.96
3288,3289,1279.165
3289,3290,27.92
3290,3291,1332.496
3291,3292,32.776
3292,3293,209.792
3293,3294,16.38
3294,3295,128.058
3295,3296,21.248
3296,3297,333.09
3297,3298,248.98
3298,3299,43.32
3299,3300,9.296
3300,3301,16.27
3301,3302,69.12
3302,3303,4.47
3303,3304,418.296
3304,3305,659.988
3305,3306,8.128
3306,3307,909.72
3307,3308,917.9235
3308,3309,631.176
3309,3310,21.312
3310,3311,173.656
3311,3312,62.85
3312,3313,818.376
3313,3314,37.3
3314,3315,81.96
3315,3316,54.792
3316,3317,10.784
3317,3318,290.98
3318,3319,48.664
3319,3320,16.56
3320,3321,1347.52
3321,3322,9.432
3322,3323,89.34
3323,3324,269.98
3324,3325,99.9
3325,3326,39.08
3326,3327,116.832
3327,3328,2.296
3328,3329,40.44
3329,3330,15.84
3330,3331,493.92
3331,3332,5.936
3332,3333,325.86
3333,3334,537.544
3334,3335,1.928
3335,3336,7.76
3336,3337,659.168
3337,3338,351.216
3338,3339,56.82
3339,3340,8.559
3340,3341,127.869
3341,3342,271.44
3342,3343,110.352
3343,3344,36.4
3344,3345,419.136
3345,3346,28.782
3346,3347,127.96
3347,3348,33.48
3348,3349,26.86
3349,3350,113.1
3350,3351,65.78
3351,3352,239.7
3352,3353,25.632
3353,3354,23.616
3354,3355,76.58
3355,3356,8.8
3356,3357,590.352
3357,3358,25.02
3358,3359,452.55
3359,3360,902.712
3360,3361,53.97
3361,3362,33.92
3362,3363,21.81
3363,3364,91.6
3364,3365,150.98
3365,3366,137.25
3366,3367,18.272
3367,3368,153.728
3368,3369,167.944
3369,3370,45.99
3370,3371,535.41
3371,3372,31.36
3372,3373,23.48
3373,3374,62.79
3374,3375,134.376
3375,3376,589.9
3376,3377,2879.952
3377,3378,90.48
3378,3379,77.55
3379,3380,8.832
3380,3381,177.536
3381,3382,258.48
3382,3383,24.88
3383,3384,140.75
3384,3385,123.96
3385,3386,586.398
3386,3387,1599.92
3387,3388,11.09
3388,3389,145.764
3389,3390,13.62
3390,3391,434.646
3391,3392,440.19
3392,3393,64.4
3393,3394,195.76
3394,3395,166.45
3395,3396,45.248
3396,3397,59.904
3397,3398,18.2
3398,3399,76.752
3399,3400,3.0
3400,3401,7.506
3401,3402,69.98
3402,3403,11.06
3403,3404,623.4648
3404,3405,772.68
3405,3406,283.14
3406,3407,635.96
3407,3408,118.99
3408,3409,33.088
3409,3410,62.048
3410,3411,29.61
3411,3412,863.928
3412,3413,241.92
3413,3414,163.88
3414,3415,3.486
3415,3416,440.91
3416,3417,5.715
3417,3418,51.968
3418,3419,29.52
3419,3420,142.36
3420,3421,546.66
3421,3422,212.13
3422,3423,74.416
3423,3424,7.996
3424,3425,8.712
3425,3426,65.17
3426,3427,173.24
3427,3428,130.71
3428,3429,0.852
3429,3430,56.568
3430,3431,344.704
3431,3432,521.96
3432,3433,8.22
3433,3434,947.17
3434,3435,268.935
3435,3436,7.58
3436,3437,9.888
3437,3438,671.544
3438,3439,275.952
3439,3440,123.144
3440,3441,15.576
3441,3442,212.64
3442,3443,9.87
3443,3444,53.25
3444,3445,658.746
3445,3446,29.84
3446,3447,67.98
3447,3448,61.06
3448,3449,35.544
3449,3450,221.16
3450,3451,18.69
3451,3452,25.35
3452,3453,209.568
3453,3454,1.908
3454,3455,43.372
3455,3456,7.856
3456,3457,13.712
3457,3458,27.76
3458,3459,113.52
3459,3460,359.88
3460,3461,742.336
3461,3462,6.464
3462,3463,25.71
3463,3464,100.94
3464,3465,63.882
3465,3466,683.144
3466,3467,1.476
3467,3468,40.712
3468,3469,69.576
3469,3470,58.08
3470,3471,52.416
3471,3472,54.92
3472,3473,364.95
3473,3474,27.696
3474,3475,43.13
3475,3476,57.582
3476,3477,30.192
3477,3478,43.6
3478,3479,10.38
3479,3480,39.594
3480,3481,91.008
3481,3482,42.8
3482,3483,62.808
3483,3484,195.64
3484,3485,239.9
3485,3486,380.058
3486,3487,48.576
3487,3488,18.264
3488,3489,34.656
3489,3490,81.552
3490,3491,227.136
3491,3492,10.36
3492,3493,463.248
3493,3494,44.856
3494,3495,30.345
3495,3496,127.554
3496,3497,245.88
3497,3498,3.798
3498,3499,27.744
3499,3500,27.58
3500,3501,5.553
3501,3502,243.92
3502,3503,14.96
3503,3504,10.512
3504,3505,71.632
3505,3506,975.92
3506,3507,303.84
3507,3508,12.54
3508,3509,464.85
3509,3510,758.352
3510,3511,20.368
3511,3512,49.848
3512,3513,2404.704
3513,3514,563.024
3514,3515,89.988
3515,3516,1.824
3516,3517,18.32
3517,3518,48.816
3518,3519,61.568
3519,3520,6.192
3520,3521,2.214
3521,3522,5.32
3522,3523,2249.91
3523,3524,59.92
3524,3525,171.2
3525,3526,3.36
3526,3527,182.67
3527,3528,101.7
3528,3529,1263.3
3529,3530,4.2
3530,3531,227.28
3531,3532,47.9
3532,3533,26.352
3533,3534,91.59
3534,3535,674.058
3535,3536,269.9
3536,3537,9.588
3537,3538,5.97
3538,3539,2.508
3539,3540,35.96
3540,3541,67.144
3541,3542,231.98
3542,3543,96.08
3543,3544,3.62
3544,3545,14.88
3545,3546,91.275
3546,3547,897.15
3547,3548,12.536
3548,3549,4.512
3549,3550,16.776
3550,3551,33.74
3551,3552,333.999
3552,3553,1268.82
3553,3554,117.488
3554,3555,69.48
3555,3556,85.9
3556,3557,18.06
3557,3558,37.4
3558,3559,2.512
3559,3560,18.864
3560,3561,61.192
3561,3562,67.84
3562,3563,48.712
3563,3564,7.764
3564,3565,467.04
3565,3566,128.85
3566,3567,8.4
3567,3568,110.98
3568,3569,207.984
3569,3570,36.112
3570,3571,35.568
3571,3572,12.9
3572,3573,717.12
3573,3574,773.94
3574,3575,20.568
3575,3576,4.356
3576,3577,5.22
3577,3578,84.84
3578,3579,7.24
3579,3580,1325.76
3580,3581,3.108
3581,3582,689.408
3582,3583,1889.99
3583,3584,55.936
3584,3585,18.432
3585,3586,52.064
3586,3587,48.784
3587,3588,13.092
3588,3589,109.592
3589,3590,56.7
3590,3591,79.99
3591,3592,47.79
3592,3593,2321.9
3593,3594,9.522
3594,3595,791.964
3595,3596,4.923
3596,3597,209.979
3597,3598,33.93
3598,3599,222.32
3599,3600,210.564
3600,3601,1502.376
3601,3602,10.11
3602,3603,772.47
3603,3604,20.46
3604,3605,347.58
3605,3606,72.64
3606,3607,461.97
3607,3608,302.67
3608,3609,8.57
3609,3610,212.94
3610,3611,26.49
3611,3612,687.4
3612,3613,239.96
3613,3614,199.836
3614,3615,716.0
3615,3616,221.06
3616,3617,67.71
3617,3618,467.46
3618,3619,61.4
3619,3620,720.76
3620,3621,8.134
3621,3622,398.4
3622,3623,1352.3976
3623,3624,41.88
3624,3625,99.846
3625,3626,584.82
3626,3627,43.98
3627,3628,391.98
3628,3629,1781.682
3629,3630,549.99
3630,3631,167.535
3631,3632,38.34
3632,3633,53.88
3633,3634,299.98
3634,3635,62.8
3635,3636,744.1
3636,3637,44.84
3637,3638,401.59
3638,3639,359.499
3639,3640,10.48
3640,3641,5.792
3641,3642,466.158
3642,3643,10.312
3643,3644,2.556
3644,3645,3.024
3645,3646,4.6
3646,3647,19.152
3647,3648,186.304
3648,3649,66.36
3649,3650,67.92
3650,3651,186.912
3651,3652,10.048
3652,3653,17.496
3653,3654,35.48
3654,3655,629.93
3655,3656,79.056
3656,3657,232.55
3657,3658,464.292
3658,3659,68.46
3659,3660,601.3
3660,3661,44.82
3661,3662,101.12
3662,3663,107.976
3663,3664,58.73
3664,3665,93.344
3665,3666,17.05
3666,3667,8.096
3667,3668,51.55
3668,3669,119.9
3669,3670,1317.492
3670,3671,86.26
3671,3672,139.04
3672,3673,842.376
3673,3674,1214.85
3674,3675,67.78
3675,3676,6.6
3676,3677,1001.584
3677,3678,569.058
3678,3679,14.224
3679,3680,68.72
3680,3681,1367.84
3681,3682,563.94
3682,3683,3504.9
3683,3684,144.12
3684,3685,3.408
3685,3686,2.072
3686,3687,328.3992
3687,3688,53.248
3688,3689,4.992
3689,3690,258.576
3690,3691,75.84
3691,3692,45.78
3692,3693,38.71
3693,3694,748.752
3694,3695,1516.2
3695,3696,167.952
3696,3697,45.04
3697,3698,23.16
3698,3699,397.6
3699,3700,158.13
3700,3701,3930.072
3701,3702,104.23
3702,3703,70.26
3703,3704,1.24
3704,3705,35.4
3705,3706,498.26
3706,3707,706.86
3707,3708,43.19
3708,3709,36.56
3709,3710,186.144
3710,3711,353.568
3711,3712,30.93
3712,3713,27.496
3713,3714,605.34
3714,3715,210.008
3715,3716,54.96
3716,3717,164.22
3717,3718,39.872
3718,3719,13.68
3719,3720,136.464
3720,3721,333.576
3721,3722,20.768
3722,3723,43.5
3723,3724,12.576
3724,3725,182.91
3725,3726,107.648
3726,3727,35.2
3727,3728,200.795
3728,3729,46.688
3729,3730,21.864
3730,3731,167.94
3731,3732,3.89
3732,3733,52.44
3733,3734,32.36
3734,3735,399.672
3735,3736,3.744
3736,3737,715.2
3737,3738,159.8
3738,3739,340.116
3739,3740,89.991
3740,3741,17.904
3741,3742,966.7
3742,3743,182.112
3743,3744,4.464
3744,3745,51.588
3745,3746,50.4
3746,3747,14.89
3747,3748,4.08
3748,3749,2275.5
3749,3750,1979.7
3750,3751,62.1
3751,3752,37.296
3752,3753,68.95
3753,3754,191.058
3754,3755,13.04
3755,3756,1525.188
3756,3757,28.048
3757,3758,187.056
3758,3759,9.656
3759,3760,2314.116
3760,3761,34.236
3761,3762,15.96
3762,3763,25.08
3763,3764,6.68
3764,3765,63.94
3765,3766,60.6
3766,3767,10.68
3767,3768,307.776
3768,3769,12.24
3769,3770,899.95
3770,3771,1.632
3771,3772,267.96
3772,3773,31.95
3773,3774,32.34
3774,3775,143.856
3775,3776,329.584
3776,3777,87.28
3777,3778,279.456
3778,3779,8.0
3779,3780,16.36
3780,3781,15.78
3781,3782,151.192
3782,3783,15.58
3783,3784,306.9
3784,3785,347.361
3785,3786,348.488
3786,3787,172.736
3787,3788,15.54
3788,3789,105.552
3789,3790,15.808
3790,3791,358.2
3791,3792,545.916
3792,3793,40.41
3793,3794,167.976
3794,3795,109.53
3795,3796,22.5
3796,3797,213.08
3797,3798,1025.88
3798,3799,39.0
3799,3800,2.907
3800,3801,79.98
3801,3802,22.424
3802,3803,42.76
3803,3804,101.34
3804,3805,224.75
3805,3806,73.176
3806,3807,39.984
3807,3808,150.384
3808,3809,1649.95
3809,3810,111.9
3810,3811,599.165
3811,3812,4.064
3812,3813,6.216
3813,3814,8.896
3814,3815,1640.7
3815,3816,270.0
3816,3817,19.52
3817,3818,9.81
3818,3819,213.216
3819,3820,588.784
3820,3821,2.064
3821,3822,62.296
3822,3823,10.71
3823,3824,20.936
3824,3825,33.0
3825,3826,357.93
3826,3827,57.4
3827,3828,331.96
3828,3829,86.2
3829,3830,38.016
3830,3831,8.384
3831,3832,19.6
3832,3833,13.344
3833,3834,1478.272
3834,3835,16.272
3835,3836,56.064
3836,3837,108.72
3837,3838,181.47
3838,3839,16.176
3839,3840,102.018
3840,3841,750.68
3841,3842,84.55
3842,3843,1.869
3843,3844,103.192
3844,3845,36.0
3845,3846,664.146
3846,3847,3.312
3847,3848,20.136
3848,3849,859.2
3849,3850,56.704
3850,3851,22.776
3851,3852,1319.96
3852,3853,54.768
3853,3854,21.552
3854,3855,80.28
3855,3856,9.78
3856,3857,2479.96
3857,3858,179.94
3858,3859,26.85
3859,3860,1.592
3860,3861,22.344
3861,3862,455.97
3862,3863,5.214
3863,3864,67.4
3864,3865,126.56
3865,3866,139.93
3866,3867,16.656
3867,3868,67.9932
3868,3869,34.54
3869,3870,64.12
3870,3871,209.986
3871,3872,29.76
3872,3873,89.768
3873,3874,34.36
3874,3875,98.376
3875,3876,29.94
3876,3877,36.738
3877,3878,383.64
3878,3879,47.52
3879,3880,83.56
3880,3881,546.06
3881,3882,34.05
3882,3883,245.98
3883,3884,18.94
3884,3885,59.913
3885,3886,68.62
3886,3887,55.984
3887,3888,142.488
3888,3889,98.392
3889,3890,11.05
3890,3891,7.78
3891,3892,53.04
3892,3893,843.9
3893,3894,1496.16
3894,3895,117.96
3895,3896,21.3
3896,3897,1040.8
3897,3898,499.95
3898,3899,3.04
3899,3900,201.96
3900,3901,68.64
3901,3902,2348.82
3902,3903,273.552
3903,3904,815.292
3904,3905,234.45
3905,3906,1256.22
3906,3907,152.8
3907,3908,82.56
3908,3909,284.97
3909,3910,60.84
3910,3911,28.8
3911,3912,74.45
3912,3913,192.22
3913,3914,57.9
3914,3915,1194.165
3915,3916,2.94
3916,3917,45.24
3917,3918,18.688
3918,3919,112.776
3919,3920,377.45
3920,3921,28.68
3921,3922,21.44
3922,3923,511.056
3923,3924,18.656
3924,3925,66.688
3925,3926,99.488
3926,3927,53.984
3927,3928,355.36
3928,3929,140.376
3929,3930,57.408
3930,3931,27.6
3931,3932,20.44
3932,3933,6.38
3933,3934,1049.93
3934,3935,14.32
3935,3936,129.888
3936,3937,48.944
3937,3938,275.058
3938,3939,134.99
3939,3940,71.088
3940,3941,27.396
3941,3942,13.456
3942,3943,40.752
3943,3944,139.96
3944,3945,136.53
3945,3946,11.64
3946,3947,79.44
3947,3948,127.764
3948,3949,2799.944
3949,3950,5.94
3950,3951,177.55
3951,3952,57.96
3952,3953,29.403
3953,3954,81.4
3954,3955,91.176
3955,3956,159.968
3956,3957,331.536
3957,3958,178.11
3958,3959,459.92
3959,3960,27.52
3960,3961,30.69
3961,3962,13.92
3962,3963,38.376
3963,3964,26.48
3964,3965,532.72
3965,3966,795.48
3966,3967,74.95
3967,3968,355.455
3968,3969,3.16
3969,3970,1999.96
3970,3971,46.152
3971,3972,32.985
3972,3973,6.384
3973,3974,1448.82
3974,3975,353.88
3975,3976,60.144
3976,3977,85.2
3977,3978,14.91
3978,3979,1158.12
3979,3980,599.99
3980,3981,638.288
3981,3982,13.208
3982,3983,112.648
3983,3984,2.21
3984,3985,217.764
3985,3986,22.638
3986,3987,95.144
3987,3988,12.32
3988,3989,1395.54
3989,3990,117.36
3990,3991,421.372
3991,3992,575.968
3992,3993,205.9992
3993,3994,31.744
3994,3995,132.224
3995,3996,1487.976
3996,3997,11.672
3997,3998,12.912
3998,3999,93.15
3999,4000,238.62
4000,4001,7.77
4001,4002,285.48
4002,4003,19.168
4003,4004,26.136
4004,4005,90.801
4005,4006,181.764
4006,4007,581.96
4007,4008,29.98
4008,4009,519.96
4009,4010,363.92
4010,4011,64.2
4011,4012,72.6
4012,4013,57.568
4013,4014,83.7
4014,4015,415.968
4015,4016,304.9
4016,4017,80.96
4017,4018,777.21
4018,4019,225.568
4019,4020,715.64
4020,4021,795.51
4021,4022,74.76
4022,4023,29.22
4023,4024,23.04
4024,4025,1.362
4025,4026,239.666
4026,4027,4.56
4027,4028,1133.35
4028,4029,104.58
4029,4030,1293.488
4030,4031,127.95
4031,4032,59.76
4032,4033,108.08
4033,4034,9.54
4034,4035,11.736
4035,4036,885.528
4036,4037,28.28
4037,4038,4912.59
4038,4039,38.432
4039,4040,21.568
4040,4041,81.576
4041,4042,99.87
4042,4043,71.12
4043,4044,259.96
4044,4045,24.192
4045,4046,16.95
4046,4047,24.704
4047,4048,104.184
4048,4049,25.5
4049,4050,199.764
4050,4051,94.6
4051,4052,4228.704
4052,4053,2003.92
4053,4054,313.176
4054,4055,1099.5
4055,4056,1215.92
4056,4057,8.92
4057,4058,87.21
4058,4059,683.988
4059,4060,527.92
4060,4061,95.992
4061,4062,435.84
4062,4063,48.84
4063,4064,25.9
4064,4065,42.68
4065,4066,234.36
4066,4067,10.5
4067,4068,676.55
4068,4069,770.352
4069,4070,575.928
4070,4071,107.88
4071,4072,8.704
4072,4073,43.02
4073,4074,414.96
4074,4075,387.72
4075,4076,13.56
4076,4077,552.0
4077,4078,429.9
4078,4079,32.06
4079,4080,161.96
4080,4081,19.86
4081,4082,77.56
4082,4083,245.94
4083,4084,8.6
4084,4085,2357.488
4085,4086,369.544
4086,4087,184.752
4087,4088,458.43
4088,4089,328.59
4089,4090,338.352
4090,4091,12.294
4091,4092,109.764
4092,4093,68.52
4093,4094,74.94
4094,4095,2548.56
4095,4096,287.88
4096,4097,4158.912
4097,4098,646.272
4098,4099,18.48
4099,4100,239.24
4100,4101,19.568
4101,4102,310.392
4102,4103,506.28
4103,4104,238.152
4104,4105,692.94
4105,4106,16.146
4106,4107,1345.485
4107,4108,173.488
4108,4109,272.4
4109,4110,28.0
4110,4111,12.201
4111,4112,2.068
4112,4113,142.04
4113,4114,1199.96
4114,4115,23.904
4115,4116,88.96
4116,4117,518.272
4117,4118,6.98
4118,4119,343.2
4119,4120,152.688
4120,4121,3.488
4121,4122,5.888
4122,4123,270.62
4123,4124,72.48
4124,4125,151.056
4125,4126,24.032
4126,4127,2.088
4127,4128,4.488
4128,4129,272.646
4129,4130,212.8
4130,4131,45.4
4131,4132,80.991
4132,4133,2888.127
4133,4134,1299.66
4134,4135,2254.41
4135,4136,314.532
4136,4137,13.632
4137,4138,19.432
4138,4139,65.44
4139,4140,1474.802
4140,4141,110.096
4141,4142,16.752
4142,4143,1537.074
4143,4144,449.372
4144,4145,41.904
4145,4146,2279.96
4146,4147,409.216
4147,4148,327.996
4148,4149,49.408
4149,4150,767.214
4150,4151,161.28
4151,4152,192.8
4152,4153,73.164
4153,4154,205.666
4154,4155,115.44
4155,4156,274.8
4156,4157,119.04
4157,4158,20.07
4158,4159,40.736
4159,4160,340.704
4160,4161,1198.33
4161,4162,51.336
4162,4163,332.704
4163,4164,42.408
4164,4165,167.28
4165,4166,26.16
4166,4167,33.57
4167,4168,170.24
4168,4169,117.456
4169,4170,34.248
4170,4171,26.7
4171,4172,21.2
4172,4173,838.38
4173,4174,1690.04
4174,4175,121.96
4175,4176,113.73
4176,4177,14.6
4177,4178,887.84
4178,4179,403.92
4179,4180,106.8
4180,4181,34.944
4181,4182,383.84
4182,4183,799.56
4183,4184,6.33
4184,4185,329.988
4185,4186,71.376
4186,4187,63.77
4187,4188,50.97
4188,4189,1439.968
4189,4190,563.92
4190,4191,235.152
4191,4192,51.016
4192,4193,25.248
4193,4194,56.686
4194,4195,51.168
4195,4196,2793.528
4196,4197,65.94
4197,4198,68.16
4198,4199,125.7
4199,4200,12.264
4200,4201,66.294
4201,4202,291.168
4202,4203,110.376
4203,4204,30.32
4204,4205,71.28
4205,4206,1471.96
4206,4207,26.336
4207,4208,166.5
4208,4209,11.744
4209,4210,247.44
4210,4211,43.41
4211,4212,465.16
4212,4213,2.394
4213,4214,200.97
4214,4215,9.856
4215,4216,384.592
4216,4217,442.372
4217,4218,28.85
4218,4219,311.98
4219,4220,22.45
4220,4221,1159.056
4221,4222,179.9
4222,4223,116.312
4223,4224,428.4
4224,4225,24.75
4225,4226,20.784
4226,4227,63.824
4227,4228,141.552
4228,4229,563.24
4229,4230,661.176
4230,4231,502.488
4231,4232,196.704
4232,4233,915.136
4233,4234,701.96
4234,4235,33.552
4235,4236,1737.18
4236,4237,36.36
4237,4238,25.83
4238,4239,24.588
4239,4240,13.984
4240,4241,195.96
4241,4242,17.584
4242,4243,104.784
4243,4244,650.352
4244,4245,629.184
4245,4246,15.176
4246,4247,579.51
4247,4248,14.99
4248,4249,151.92
4249,4250,65.97
4250,4251,210.84
4251,4252,247.716
4252,4253,66.58
4253,4254,87.8
4254,4255,221.382
4255,4256,5199.96
4256,4257,156.512
4257,4258,119.85
4258,4259,69.28
4259,4260,24.55
4260,4261,2.412
4261,4262,8.39
4262,4263,337.98
4263,4264,150.8
4264,4265,1039.992
4265,4266,41.22
4266,4267,240.37
4267,4268,119.02
4268,4269,133.12
4269,4270,38.08
4270,4271,561.584
4271,4272,99.92
4272,4273,286.15
4273,4274,49.792
4274,4275,299.975
4275,4276,62.592
4276,4277,4.276
4277,4278,229.94
4278,4279,311.15
4279,4280,396.92
4280,4281,17.15
4281,4282,824.95
4282,4283,24.64
4283,4284,227.88
4284,4285,8.01
4285,4286,569.568
4286,4287,149.73
4287,4288,899.43
4288,4289,76.864
4289,4290,102.93
4290,4291,5.984
4291,4292,111.93
4292,4293,454.272
4293,4294,8399.976
4294,4295,6.294
4295,4296,122.382
4296,4297,945.036
4297,4298,14.301
4298,4299,410.352
4299,4300,23.52
4300,4301,477.15
4301,4302,974.988
4302,4303,589.41
4303,4304,82.26
4304,4305,103.5
4305,4306,2.464
4306,4307,10.76
4307,4308,6.7
4308,4309,3.44
4309,4310,135.99
4310,4311,37.2
4311,4312,84.96
4312,4313,2079.4
4313,4314,72.42
4314,4315,114.52
4315,4316,871.8
4316,4317,4.554
4317,4318,5.2
4318,4319,205.992
4319,4320,24.472
4320,4321,110.4
4321,4322,384.768
4322,4323,78.66
4323,4324,962.08
4324,4325,12.843
4325,4326,295.456
4326,4327,103.936
4327,4328,289.568
4328,4329,39.72
4329,4330,244.768
4330,4331,135.09
4331,4332,279.86
4332,4333,90.06
4333,4334,50.232
4334,4335,19.242
4335,4336,5.304
4336,4337,19.136
4337,4338,332.832
4338,4339,50.352
4339,4340,206.384
4340,4341,529.9
4341,4342,99.3
4342,4343,108.96
4343,4344,5443.96
4344,4345,56.07
4345,4346,216.4
4346,4347,6.936
4347,4348,4.428
4348,4349,142.8
4349,4350,399.95
4350,4351,2152.776
4351,4352,4007.84
4352,4353,158.99
4353,4354,291.1
4354,4355,73.68
4355,4356,58.17
4356,4357,634.116
4357,4358,155.88
4358,4359,327.564
4359,4360,505.32
4360,4361,3.808
4361,4362,8.682
4362,4363,24.424
4363,4364,1522.638
4364,4365,419.9
4365,4366,33.62
4366,4367,16.14
4367,4368,194.25
4368,4369,7.12
4369,4370,319.92
4370,4371,1049.44
4371,4372,1007.944
4372,4373,231.72
4373,4374,9.912
4374,4375,19.8
4375,4376,125.93
4376,4377,1.365
4377,4378,62.016
4378,4379,239.84
4379,4380,484.704
4380,4381,371.976
4381,4382,89.82
4382,4383,469.95
4383,4384,209.94
4384,4385,102.438
4385,4386,199.304
4386,4387,6999.96
4387,4388,1747.25
4388,4389,54.48
4389,4390,199.99
4390,4391,68.541
4391,4392,6.99
4392,4393,125.88
4393,4394,79.78
4394,4395,133.2
4395,4396,139.944
4396,4397,133.472
4397,4398,564.195
4398,4399,319.984
4399,4400,21.184
4400,4401,213.43
4401,4402,31.992
4402,4403,68.704
4403,4404,386.91
4404,4405,39.66
4405,4406,356.85
4406,4407,251.58
4407,4408,42.85
4408,4409,17.0
4409,4410,87.4
4410,4411,265.86
4411,4412,67.96
4412,4413,83.9
4413,4414,19.75
4414,4415,393.54
4415,4416,46.872
4416,4417,3.6
4417,4418,180.016
4418,4419,41.552
4419,4420,12.16
4420,4421,477.51
4421,4422,47.97
4422,4423,415.176
4423,4424,35.232
4424,4425,16.34
4425,4426,163.136
4426,4427,5.43
4427,4428,519.68
4428,4429,273.92
4429,4430,266.352
4430,4431,56.328
4431,4432,39.264
4432,4433,95.232
4433,4434,159.92
4434,4435,23.32
4435,4436,10.47
4436,4437,20.704
4437,4438,50.496
4438,4439,6.129
4439,4440,643.136
4440,4441,32.432
4441,4442,113.76
4442,4443,150.66
4443,4444,48.032
4444,4445,102.624
4445,4446,359.772
4446,4447,122.136
4447,4448,479.952
4448,4449,116.98
4449,4450,8.74
4450,4451,275.24
4451,4452,47.4
4452,4453,512.96
4453,4454,395.94
4454,4455,253.764
4455,4456,1362.9
4456,4457,196.21
4457,4458,13.005
4458,4459,4.176
4459,4460,17.64
4460,4461,93.456
4461,4462,449.91
4462,4463,344.94
4463,4464,20.096
4464,4465,37.752
4465,4466,138.588
4466,4467,259.92
4467,4468,21.488
4468,4469,35.445
4469,4470,45.12
4470,4471,100.8
4471,4472,47.968
4472,4473,3.856
4473,4474,12.585
4474,4475,113.372
4475,4476,18.312
4476,4477,127.936
4477,4478,241.17
4478,4479,3266.376
4479,4480,168.1
4480,4481,98.46
4481,4482,358.58
4482,4483,32.48
4483,4484,17499.95
4484,4485,34.37
4485,4486,146.04
4486,4487,27.88
4487,4488,152.65
4488,4489,371.2
4489,4490,14.832
4490,4491,67.9
4491,4492,1059.12
4492,4493,32.04
4493,4494,1565.88
4494,4495,106.05
4495,4496,62.04
4496,4497,494.97
4497,4498,367.96
4498,4499,44.96
4499,4500,28.14
4500,4501,274.89
4501,4502,2887.056
4502,4503,131.376
4503,4504,1913.4
4504,4505,2567.84
4505,4506,37.056
4506,4507,259.896
4507,4508,73.344
4508,4509,95.68
4509,4510,411.98
4510,4511,34.48
4511,4512,10.782
4512,4513,602.651
4513,4514,559.93
4514,4515,2399.96
4515,4516,16.0
4516,4517,5.588
4517,4518,235.92
4518,4519,115.96
4519,4520,186.54
4520,4521,159.56
4521,4522,132.16
4522,4523,124.032
4523,4524,1403.92
4524,4525,356.79
4525,4526,16.98
4526,4527,491.55
4527,4528,23.66
4528,4529,93.68
4529,4530,862.344
4530,4531,13.494
4531,4532,41.584
4532,4533,84.272
4533,4534,36.544
4534,4535,479.72
4535,4536,102.368
4536,4537,713.88
4537,4538,623.96
4538,4539,2.48
4539,4540,58.408
4540,4541,53.568
4541,4542,21.34
4542,4543,15.51
4543,4544,7.8
4544,4545,10.2
4545,4546,22.32
4546,4547,75.98
4547,4548,6.46
4548,4549,824.97
4549,4550,18.18
4550,4551,621.76
4551,4552,48.87
4552,4553,5.92
4553,4554,30.18
4554,4555,8.78
4555,4556,376.74
4556,4557,1.392
4557,4558,44.43
4558,4559,226.2
4559,4560,27.9
4560,4561,31.08
4561,4562,13.84
4562,4563,175.872
4563,4564,208.44
4564,4565,25.76
4565,4566,366.744
4566,4567,289.24
4567,4568,205.164
4568,4569,598.458
4569,4570,148.257
4570,4571,146.76
4571,4572,6.8
4572,4573,143.64
4573,4574,227.46
4574,4575,46.24
4575,4576,245.646
4576,4577,55.008
4577,4578,523.392
4578,4579,198.744
4579,4580,9.248
4580,4581,99.592
4581,4582,14.576
4582,4583,209.6
4583,4584,30.98
4584,4585,122.688
4585,4586,892.136
4586,4587,50.22
4587,4588,83.42
4588,4589,5.872
4589,4590,12.144
4590,4591,27.792
4591,4592,32.67
4592,4593,1261.33
4593,4594,82.656
4594,4595,175.92
4595,4596,22.911
4596,4597,309.456
4597,4598,472.518
4598,4599,1012.68
4599,4600,1626.192
4600,4601,8.595
4601,4602,190.896
4602,4603,163.44
4603,4604,146.688
4604,4605,276.784
4605,4606,318.96
4606,4607,421.1
4607,4608,760.116
4608,4609,38.784
4609,4610,459.88
4610,4611,9.28
4611,4612,1685.88
4612,4613,67.194
4613,4614,10.02
4614,4615,13.89
4615,4616,16.45
4616,4617,123.088
4617,4618,257.94
4618,4619,828.6
4619,4620,17.44
4620,4621,62.88
4621,4622,290.352
4622,4623,135.3
4623,4624,111.15
4624,4625,776.85
4625,4626,43.28
4626,4627,52.56
4627,4628,971.88
4628,4629,182.55
4629,4630,53.088
4630,4631,275.88
4631,4632,157.9
4632,4633,15.6
4633,4634,247.84
4634,4635,717.72
4635,4636,236.5
4636,4637,32.232
4637,4638,2.202
4638,4639,9.396
4639,4640,12.78
4640,4641,40.0
4641,4642,23.24
4642,4643,908.82
4643,4644,5.552
4644,4645,74.592
4645,4646,203.976
4646,4647,5.388
4647,4648,30.976
4648,4649,1350.12
4649,4650,19.54
4650,4651,138.0
4651,4652,116.76
4652,4653,331.023
4653,4654,756.8
4654,4655,369.16
4655,4656,51.648
4656,4657,62.496
4657,4658,274.491
4658,4659,137.94
4659,4660,151.62
4660,4661,30.8
4661,4662,1319.8
4662,4663,89.712
4663,4664,22.83
4664,4665,113.6
4665,4666,341.991
4666,4667,92.88
4667,4668,24.14
4668,4669,4416.174
4669,4670,49.56
4670,4671,302.45
4671,4672,44.672
4672,4673,989.97
4673,4674,364.74
4674,4675,49.76
4675,4676,125.99
4676,4677,13.428
4677,4678,315.776
4678,4679,273.666
4679,4680,20.608
4680,4681,4.095
4681,4682,63.98
4682,4683,799.92
4683,4684,35.984
4684,4685,185.528
4685,4686,2541.98
4686,4687,599.985
4687,4688,46.36
4688,4689,559.71
4689,4690,50.784
4690,4691,26.01
4691,4692,649.0
4692,4693,59.99
4693,4694,20.24
4694,4695,37.84
4695,4696,77.24
4696,4697,292.1
4697,4698,424.116
4698,4699,2.892
4699,4700,381.72
4700,4701,890.841
4701,4702,14.13
4702,4703,64.75
4703,4704,11.214
4704,4705,286.4
4705,4706,142.182
4706,4707,19.608
4707,4708,4.158
4708,4709,400.8
4709,4710,28.792
4710,4711,111.0
4711,4712,1279.968
4712,4713,1856.19
4713,4714,22.752
4714,4715,61.542
4715,4716,81.438
4716,4717,67.36
4717,4718,54.528
4718,4719,449.568
4719,4720,192.186
4720,4721,67.88
4721,4722,162.89
4722,4723,721.875
4723,4724,73.568
4724,4725,13.584
4725,4726,176.772
4726,4727,21.9
4727,4728,445.44
4728,4729,116.4
4729,4730,1.408
4730,4731,169.568
4731,4732,251.964
4732,4733,194.352
4733,4734,340.182
4734,4735,6.888
4735,4736,15.57
4736,4737,153.78
4737,4738,61.02
4738,4739,110.11
4739,4740,36.024
4740,4741,54.336
4741,4742,378.0
4742,4743,1336.44
4743,4744,390.368
4744,4745,101.52
4745,4746,866.646
4746,4747,795.408
4747,4748,35.856
4748,4749,23.84
4749,4750,30.87
4750,4751,509.9575
4751,4752,122.91
4752,4753,167.84
4753,4754,172.11
4754,4755,13.592
4755,4756,386.68
4756,4757,379.96
4757,4758,539.91
4758,4759,41.24
4759,4760,51.897
4760,4761,126.08
4761,4762,449.1
4762,4763,195.104
4763,4764,85.246
4764,4765,32.712
4765,4766,11.43
4766,4767,9.345
4767,4768,23.136
4768,4769,46.9
4769,4770,236.528
4770,4771,237.096
4771,4772,65.584
4772,4773,88.92
4773,4774,5.8
4774,4775,1415.76
4775,4776,569.64
4776,4777,9.14
4777,4778,1196.86
4778,4779,523.26
4779,4780,639.968
4780,4781,52.76
4781,4782,538.92
4782,4783,87.84
4783,4784,34.92
4784,4785,3.576
4785,4786,1499.95
4786,4787,13.568
4787,4788,2573.82
4788,4789,609.98
4789,4790,5.48
4790,4791,755.96
4791,4792,31.12
4792,4793,18.464
4793,4794,445.802
4794,4795,1053.164
4795,4796,106.68
4796,4797,512.19
4797,4798,1.556
4798,4799,71.92
4799,4800,140.97
4800,4801,164.792
4801,4802,1889.946
4802,4803,239.456
4803,4804,29.36
4804,4805,214.9
4805,4806,146.45
4806,4807,15.14
4807,4808,1399.98
4808,4809,8.952
4809,4810,21.728
4810,4811,483.136
4811,4812,114.288
4812,4813,49.616
4813,4814,508.704
4814,4815,57.36
4815,4816,906.68
4816,4817,719.952
4817,4818,755.944
4818,4819,11.98
4819,4820,0.898
4820,4821,21.204
4821,4822,34.74
4822,4823,833.94
4823,4824,349.965
4824,4825,158.28
4825,4826,497.94
4826,4827,533.94
4827,4828,170.786
4828,4829,435.168
4829,4830,48.58
4830,4831,26.46
4831,4832,194.7
4832,4833,591.32
4833,4834,2.84
4834,4835,221.96
4835,4836,236.0
4836,4837,41.94
4837,4838,52.792
4838,4839,2625.12
4839,4840,422.856
4840,4841,3499.93
4841,4842,58.248
4842,4843,71.246
4843,4844,887.271
4844,4845,146.86
4845,4846,225.576
4846,4847,38.256
4847,4848,40.24
4848,4849,29.925
4849,4850,148.704
4850,4851,1297.368
4851,4852,5.81
4852,4853,6.642
4853,4854,679.96
4854,4855,189.576
4855,4856,539.92
4856,4857,725.344
4857,4858,7.44
4858,4859,39.48
4859,4860,850.5
4860,4861,75.33
4861,4862,325.632
4862,4863,23.344
4863,4864,335.72
4864,4865,251.944
4865,4866,127.302
4866,4867,1207.84
4867,4868,12.53
4868,4869,300.98
4869,4870,258.75
4870,4871,441.96
4871,4872,703.71
4872,4873,11.976
4873,4874,1299.99
4874,4875,4.544
4875,4876,1352.032
4876,4877,1548.99
4877,4878,19.872
4878,4879,119.448
4879,4880,118.16
4880,4881,187.76
4881,4882,53.9
4882,4883,76.728
4883,4884,10.43
4884,4885,5399.91
4885,4886,119.1
4886,4887,259.98
4887,4888,170.98
4888,4889,446.068
4889,4890,605.88
4890,4891,186.732
4891,4892,3812.97
4892,4893,26.424
4893,4894,625.99
4894,4895,1568.61
4895,4896,17.3
4896,4897,160.0
4897,4898,167.888
4898,4899,1199.98
4899,4900,73.85
4900,4901,526.582
4901,4902,13.698
4902,4903,250.26
4903,4904,1.938
4904,4905,13.168
4905,4906,179.886
4906,4907,286.256
4907,4908,24.224
4908,4909,291.136
4909,4910,114.848
4910,4911,89.95
4911,4912,94.99
4912,4913,566.97
4913,4914,450.04
4914,4915,34.6
4915,4916,467.97
4916,4917,33.02
4917,4918,3.008
4918,4919,268.24
4919,4920,431.16
4920,4921,154.95
4921,4922,42.208
4922,4923,2.224
4923,4924,74.52
4924,4925,1779.9
4925,4926,219.9
4926,4927,1039.728
4927,4928,45.96
4928,4929,456.588
4929,4930,4499.985
4930,4931,59.976
4931,4932,6.12
4932,4933,10.98
4933,4934,29.56
4934,4935,876.3
4935,4936,7.896
4936,4937,30.528
4937,4938,4.842
4938,4939,1.8
4939,4940,307.168
4940,4941,26.9
4941,4942,47.01
4942,4943,469.99
4943,4944,324.744
4944,4945,12.0
4945,4946,25.424
4946,4947,30.828
4947,4948,4.77
4948,4949,550.431
4949,4950,1497.666
4950,4951,113.22
4951,4952,4535.976
4952,4953,592.74
4953,4954,90.882
4954,4955,508.768
4955,4956,479.92
4956,4957,1184.72
4957,4958,124.404
4958,4959,1871.88
4959,4960,20.388
4960,4961,320.64
4961,4962,52.0
4962,4963,464.0
4963,4964,235.95
4964,4965,18.528
4965,4966,441.92
4966,4967,13.38
4967,4968,11.176
4968,4969,242.176
4969,4970,337.176
4970,4971,10.32
4971,4972,47.32
4972,4973,23.376
4973,4974,19.89
4974,4975,399.98
4975,4976,343.85
4976,4977,82.4
4977,4978,272.048
4978,4979,1614.582
4979,4980,1.584
4980,4981,423.648
4981,4982,76.64
4982,4983,268.704
4983,4984,21.92
4984,4985,48.72
4985,4986,30.344
4986,4987,25.696
4987,4988,3404.5
4988,4989,344.372
4989,4990,30.384
4990,4991,38.62
4991,4992,174.3
4992,4993,569.99
4993,4994,298.116
4994,4995,2518.29
4995,4996,221.056
4996,4997,134.8
4997,4998,39.582
4998,4999,44.688
4999,5000,40.98
5000,5001,362.25
5001,5002,129.552
5002,5003,861.76
5003,5004,66.96
5004,5005,72.9
5005,5006,206.352
5006,5007,81.36
5007,5008,389.056
5008,5009,519.792
5009,5010,31.176
5010,5011,3.762
5011,5012,659.97
5012,5013,25.2
5013,5014,1.98
5014,5015,39.936
5015,5016,9.612
5016,5017,199.75
5017,5018,1673.184
5018,5019,12.18
5019,5020,57.68
5020,5021,299.94
5021,5022,271.9
5022,5023,93.36
5023,5024,541.24
5024,5025,1323.9
5025,5026,126.624
5026,5027,125.944
5027,5028,663.92
5028,5029,120.0
5029,5030,3.29
5030,5031,1.044
5031,5032,210.68
5032,5033,78.8
5033,5034,106.08
5034,5035,23.076
5035,5036,0.984
5036,5037,75.384
5037,5038,41.91
5038,5039,33.18
5039,5040,295.056
5040,5041,393.25
5041,5042,2.655
5042,5043,892.35
5043,5044,728.82
5044,5045,41.36
5045,5046,116.82
5046,5047,454.56
5047,5048,141.42
5048,5049,310.744
5049,5050,12.736
5050,5051,6.47
5051,5052,13.748
5052,5053,15.224
5053,5054,165.98
5054,5055,75.0
5055,5056,134.272
5056,5057,146.544
5057,5058,203.88
5058,5059,718.64
5059,5060,61.1
5060,5061,28.08
5061,5062,10.496
5062,5063,77.58
5063,5064,269.36
5064,5065,234.95
5065,5066,3357.6
5066,5067,2973.32
5067,5068,775.728
5068,5069,89.0664
5069,5070,175.44
5070,5071,215.544
5071,5072,55.584
5072,5073,127.386
5073,5074,248.43
5074,5075,20.64
5075,5076,148.02
5076,5077,526.344
5077,5078,31.504
5078,5079,30.672
5079,5080,1079.976
5080,5081,670.752
5081,5082,72.78
5082,5083,562.2925
5083,5084,284.08
5084,5085,557.728
5085,5086,471.9
5086,5087,13999.96
5087,5088,239.372
5088,5089,227.96
5089,5090,293.52
5090,5091,96.96
5091,5092,512.499
5092,5093,2036.86
5093,5094,264.18
5094,5095,128.34
5095,5096,474.95
5096,5097,277.5
5097,5098,1252.704
5098,5099,110.97
5099,5100,1.892
5100,5101,170.072
5101,5102,335.744
5102,5103,67.15
5103,5104,549.98
5104,5105,11.82
5105,5106,4643.8
5106,5107,577.764
5107,5108,191.5155
5108,5109,1369.764
5109,5110,294.368
5110,5111,314.088
5111,5112,6.336
5112,5113,2.469
5113,5114,82.64
5114,5115,31.02
5115,5116,1266.86
5116,5117,3.328
5117,5118,933.262
5118,5119,2803.92
5119,5120,43.936
5120,5121,23.744
5121,5122,357.0
5122,5123,806.336
5123,5124,85.44
5124,5125,70.97
5125,5126,743.988
5126,5127,11.212
5127,5128,4.712
5128,5129,299.99
5129,5130,242.624
5130,5131,174.95
5131,5132,8.02
5132,5133,171.04
5133,5134,35.448
5134,5135,69.375
5135,5136,2003.168
5136,5137,2563.056
5137,5138,43.056
5138,5139,432.456
5139,5140,675.06
5140,5141,65.232
5141,5142,600.53
5142,5143,637.44
5143,5144,51.756
5144,5145,211.248
5145,5146,18.368
5146,5147,111.98
5147,5148,486.368
5148,5149,37.17
5149,5150,137.352
5150,5151,376.509
5151,5152,62.72
5152,5153,2939.93
5153,5154,512.358
5154,5155,1.752
5155,5156,20.992
5156,5157,15.624
5157,5158,2.864
5158,5159,94.192
5159,5160,51.8
5160,5161,299.52
5161,5162,7.7
5162,5163,498.0
5163,5164,436.704
5164,5165,73.36
5165,5166,218.376
5166,5167,9.48
5167,5168,209.5
5168,5169,24.3
5169,5170,32.448
5170,5171,26.388
5171,5172,373.47
5172,5173,87.08
5173,5174,217.44
5174,5175,5.432
5175,5176,372.144
5176,5177,751.984
5177,5178,604.768
5178,5179,20.56
5179,5180,4.984
5180,5181,29.74
5181,5182,87.36
5182,5183,56.16
5183,5184,64.384
5184,5185,223.888
5185,5186,241.5
5186,5187,16.24
5187,5188,17.184
5188,5189,366.009
5189,5190,310.688
5190,5191,7.68
5191,5192,164.646
5192,5193,22.68
5193,5194,141.9
5194,5195,110.528
5195,5196,630.024
5196,5197,27.86
5197,5198,933.408
5198,5199,165.6
5199,5200,147.92
5200,5201,286.85
5201,5202,2154.9
5202,5203,10.944
5203,5204,62.352
5204,5205,303.92
5205,5206,274.2
5206,5207,8.552
5207,5208,136.96
5208,5209,84.416
5209,5210,431.94
5210,5211,2.043
5211,5212,68.238
5212,5213,240.744
5213,5214,43.44
5214,5215,2.22
5215,5216,1679.96
5216,5217,1554.936
5217,5218,106.869
5218,5219,12.384
5219,5220,7.5
5220,5221,370.14
5221,5222,2678.94
5222,5223,45.408
5223,5224,9.952
5224,5225,37.896
5225,5226,1035.8
5226,5227,35.98
5227,5228,199.8
5228,5229,11.94
5229,5230,8749.95
5230,5231,60.736
5231,5232,479.976
5232,5233,18.62
5233,5234,27.96
5234,5235,175.23
5235,5236,23.0
5236,5237,73.784
5237,5238,35.76
5238,5239,30.336
5239,5240,182.22
5240,5241,54.992
5241,5242,55.86
5242,5243,44.376
5243,5244,51.264
5244,5245,5.193
5245,5246,241.424
5246,5247,496.86
5247,5248,56.4
5248,5249,422.625
5249,5250,14.432
5250,5251,719.976
5251,5252,239.92
5252,5253,150.408
5253,5254,131.88
5254,5255,1454.9
5255,5256,220.704
5256,5257,968.744
5257,5258,222.352
5258,5259,998.85
5259,5260,14.336
5260,5261,607.52
5261,5262,31.16
5262,5263,11.664
5263,5264,499.168
5264,5265,11.88
5265,5266,4.32
5266,5267,40.54
5267,5268,475.944
5268,5269,30.08
5269,5270,23.18
5270,5271,56.96
5271,5272,14.256
5272,5273,39.624
5273,5274,65.12
5274,5275,39.808
5275,5276,481.176
5276,5277,177.45
5277,5278,130.98
5278,5279,826.0
5279,5280,139.58
5280,5281,760.98
5281,5282,67.86
5282,5283,39.879
5283,5284,97.424
5284,5285,5.7
5285,5286,14.19
5286,5287,144.96
5287,5288,118.0
5288,5289,22.66
5289,5290,0.836
5290,5291,21.968
5291,5292,619.152
5292,5293,127.904
5293,5294,49.5
5294,5295,182.352
5295,5296,28.032
5296,5297,7.692
5297,5298,517.405
5298,5299,8.608
5299,5300,2104.55
5300,5301,40.7
5301,5302,21.21
5302,5303,96.36
5303,5304,247.188
5304,5305,450.0
5305,5306,31.168
5306,5307,120.96
5307,5308,2239.936
5308,5309,76.608
5309,5310,115.136
5310,5311,4.71
5311,5312,79.968
5312,5313,305.9745
5313,5314,71.952
5314,5315,379.372
5315,5316,67.536
5316,5317,1.524
5317,5318,37.408
5318,5319,4.728
5319,5320,53.352
5320,5321,131.104
5321,5322,52.59
5322,5323,8.1
5323,5324,83.988
5324,5325,11.032
5325,5326,210.58
5326,5327,3050.376
5327,5328,133.98
5328,5329,93.248
5329,5330,4.86
5330,5331,6.258
5331,5332,5.4
5332,5333,1270.99
5333,5334,125.36
5334,5335,1.696
5335,5336,288.0
5336,5337,146.952
5337,5338,83.136
5338,5339,942.784
5339,5340,3.536
5340,5341,287.976
5341,5342,29.304
5342,5343,55.328
5343,5344,1227.9984
5344,5345,20.416
5345,5346,1128.39
5346,5347,271.968
5347,5348,77.728
5348,5349,46.62
5349,5350,22.55
5350,5351,583.8
5351,5352,1294.75
5352,5353,221.98
5353,5354,34.77
5354,5355,102.72
5355,5356,33.282
5356,5357,118.65
5357,5358,207.144
5358,5359,44.1
5359,5360,4.086
5360,5361,386.34
5361,5362,33.44
5362,5363,89.9
5363,5364,7.236
5364,5365,4.824
5365,5366,130.112
5366,5367,74.24
5367,5368,159.84
5368,5369,55.6
5369,5370,5083.96
5370,5371,111.04
5371,5372,493.43
5372,5373,686.4
5373,5374,70.68
5374,5375,101.994
5375,5376,58.924
5376,5377,480.0
5377,5378,192.72
5378,5379,6.528
5379,5380,2.862
5380,5381,20.856
5381,5382,276.28
5382,5383,629.64
5383,5384,449.97
5384,5385,1927.59
5385,5386,121.78
5386,5387,2676.672
5387,5388,489.23
5388,5389,312.03
5389,5390,191.079
5390,5391,30.53
5391,5392,75.06
5392,5393,66.976
5393,5394,143.928
5394,5395,856.656
5395,5396,177.68
5396,5397,11.568
5397,5398,4.572
5398,5399,626.1
5399,5400,211.372
5400,5401,99.95
5401,5402,1119.888
5402,5403,135.984
5403,5404,92.96
5404,5405,7.632
5405,5406,179.991
5406,5407,239.358
5407,5408,12.3
5408,5409,13.97
5409,5410,934.956
5410,5411,23.128
5411,5412,59.24
5412,5413,155.456
5413,5414,21.0
5414,5415,299.96
5415,5416,470.155
5416,5417,39.128
5417,5418,19.728
5418,5419,151.188
5419,5420,47.496
5420,5421,344.981
5421,5422,127.785
5422,5423,6.104
5423,5424,1.72
5424,5425,2.334
5425,5426,159.04
5426,5427,95.97
5427,5428,104.75
5428,5429,1875.258
5429,5430,152.24
5430,5431,35.184
5431,5432,274.064
5432,5433,5.95
5433,5434,239.94
5434,5435,37.76
5435,5436,5.82
5436,5437,3.816
5437,5438,135.8
5438,5439,19.4
5439,5440,13.488
5440,5441,166.92
5441,5442,98.328
5442,5443,117.882
5443,5444,20.97
5444,5445,314.6
5445,5446,283.56
5446,5447,487.96
5447,5448,2.992
5448,5449,108.768
5449,5450,9892.74
5450,5451,73.915
5451,5452,337.088
5452,5453,189.95
5453,5454,29.95
5454,5455,66.03
5455,5456,28.784
5456,5457,2621.322
5457,5458,364.776
5458,5459,1115.17
5459,5460,89.696
5460,5461,36.48
5461,5462,322.192
5462,5463,23.08
5463,5464,279.95
5464,5465,828.84
5465,5466,27.2
5466,5467,318.08
5467,5468,93.032
5468,5469,454.965
5469,5470,295.4
5470,5471,348.56
5471,5472,482.94
5472,5473,403.68
5473,5474,791.88
5474,5475,23.64
5475,5476,177.648
5476,5477,32.368
5477,5478,315.2
5478,5479,15.18
5479,5480,429.6
5480,5481,21.696
5481,5482,78.759
5482,5483,8.28
5483,5484,50.136
5484,5485,88.074
5485,5486,301.47
5486,5487,125.13
5487,5488,555.96
5488,5489,51.984
5489,5490,1123.128
5490,5491,64.9
5491,5492,1564.29
5492,5493,138.56
5493,5494,65.52
5494,5495,19.312
5495,5496,101.96
5496,5497,259.74
5497,5498,255.42
5498,5499,4.338
5499,5500,405.86
5500,5501,680.01
5501,5502,143.128
5502,5503,4476.8
5503,5504,319.76
5504,5505,31.96
5505,5506,1112.94
5506,5507,23.65
5507,5508,707.88
5508,5509,31.128
5509,5510,55.76
5510,5511,207.184
5511,5512,1473.1
5512,5513,663.072
5513,5514,99.588
5514,5515,29.372
5515,5516,102.24
5516,5517,1432.0
5517,5518,41.04
5518,5519,256.784
5519,5520,120.98
5520,5521,315.98
5521,5522,39.816
5522,5523,16.06
5523,5524,20.664
5524,5525,13.762
5525,5526,1504.52
5526,5527,7.536
5527,5528,4.144
5528,5529,52.752
5529,5530,381.36
5530,5531,15.192
5531,5532,946.764
5532,5533,94.68
5533,5534,23.67
5534,5535,147.568
5535,5536,56.784
5536,5537,6.576
5537,5538,115.84
5538,5539,60.89
5539,5540,51.9
5540,5541,269.91
5541,5542,64.848
5542,5543,102.582
5543,5544,32.088
5544,5545,4305.552
5545,5546,255.85
5546,5547,184.704
5547,5548,47.92
5548,5549,8.001
5549,5550,398.972
5550,5551,72.224
5551,5552,457.485
5552,5553,1079.316
5553,5554,48.91
5554,5555,0.556
5555,5556,97.968
5556,5557,63.488
5557,5558,418.32
5558,5559,123.858
5559,5560,769.184
5560,5561,47.904
5561,5562,163.764
5562,5563,183.92
5563,5564,11.376
5564,5565,211.04
5565,5566,594.816
5566,5567,72.96
5567,5568,455.712
5568,5569,45.28
5569,5570,195.68
5570,5571,20.064
5571,5572,117.576
5572,5573,57.594
5573,5574,842.72
5574,5575,11.424
5575,5576,313.722
5576,5577,428.68
5577,5578,30.576
5578,5579,13.02
5579,5580,68.48
5580,5581,1676.88
5581,5582,272.97
5582,5583,61.38
5583,5584,31.8
5584,5585,32.56
5585,5586,7.072
5586,5587,424.272
5587,5588,120.576
5588,5589,12.28
5589,5590,2.04
5590,5591,582.336
5591,5592,1349.91
5592,5593,4.272
5593,5594,209.148
5594,5595,1591.02
5595,5596,574.91
5596,5597,1071.0
5597,5598,12.07
5598,5599,3.273
5599,5600,104.696
5600,5601,6.816
5601,5602,21.984
5602,5603,3785.292
5603,5604,103.481
5604,5605,252.8
5605,5606,285.576
5606,5607,22.24
5607,5608,48.36
5608,5609,16.256
5609,5610,477.3
5610,5611,136.26
5611,5612,186.15
5612,5613,81.792
5613,5614,47.19
5614,5615,91.475
5615,5616,27.192
5616,5617,12.06
5617,5618,144.6
5618,5619,321.552
5619,5620,164.688
5620,5621,128.124
5621,5622,101.4
5622,5623,51.56
5623,5624,13.16
5624,5625,3.828
5625,5626,304.99
5626,5627,781.864
5627,5628,673.344
5628,5629,572.8
5629,5630,197.05
5630,5631,2022.272
5631,5632,9.12
5632,5633,38.16
5633,5634,1592.85
5634,5635,4.41
5635,5636,26.94
5636,5637,32.13
5637,5638,1091.93
5638,5639,689.82
5639,5640,204.6664
5640,5641,1649.75
5641,5642,91.056
5642,5643,54.208
5643,5644,26.982
5644,5645,81.08
5645,5646,93.02
5646,5647,32.592
5647,5648,172.752
5648,5649,55.616
5649,5650,427.644
5650,5651,40.67
5651,5652,477.666
5652,5653,35.52
5653,5654,6.23
5654,5655,369.1992
5655,5656,4.626
5656,5657,453.6
5657,5658,13.848
5658,5659,577.584
5659,5660,68.432
5660,5661,5.312
5661,5662,224.937
5662,5663,1125.488
5663,5664,12.645
5664,5665,4.032
5665,5666,6.732
5666,5667,105.686
5667,5668,104.93
5668,5669,1079.85
5669,5670,400.784
5670,5671,31.008
5671,5672,121.536
5672,5673,302.72
5673,5674,35.208
5674,5675,239.5
5675,5676,34.2
5676,5677,376.866
5677,5678,197.72
5678,5679,70.72
5679,5680,21.6
5680,5681,282.84
5681,5682,22.98
5682,5683,102.13
5683,5684,2033.584
5684,5685,899.982
5685,5686,16.704
5686,5687,3.152
5687,5688,21.392
5688,5689,307.314
5689,5690,409.9992
5690,5691,3.438
5691,5692,179.7
5692,5693,90.64
5693,5694,79.45
5694,5695,137.54
5695,5696,730.2
5696,5697,4297.644
5697,5698,204.9
5698,5699,481.568
5699,5700,89.544
5700,5701,3406.664
5701,5702,4.938
5702,5703,97.44
5703,5704,579.528
5704,5705,3023.928
5705,5706,477.6
5706,5707,64.68
5707,5708,1499.97
5708,5709,26.632
5709,5710,64.02
5710,5711,6.84
5711,5712,668.16
5712,5713,201.04
5713,5714,16.59
5714,5715,11.646
5715,5716,613.9992
5716,5717,470.36
5717,5718,73.536
5718,5719,849.95
5719,5720,11.01
5720,5721,242.136
5721,5722,273.568
5722,5723,13.194
5723,5724,1080.096
5724,5725,37.312
5725,5726,326.646
5726,5727,296.712
5727,5728,286.86
5728,5729,807.75
5729,5730,500.24
5730,5731,20.12
5731,5732,70.464
5732,5733,140.67
5733,5734,4404.9
5734,5735,268.576
5735,5736,364.08
5736,5737,10.984
5737,5738,2.496
5738,5739,206.1
5739,5740,4.3
5740,5741,139.8
5741,5742,50.04
5742,5743,339.92
5743,5744,42.384
5744,5745,135.95
5745,5746,2177.584
5746,5747,431.136
5747,5748,8.88
5748,5749,4.836
5749,5750,48.81
5750,5751,149.9
5751,5752,1023.332
5752,5753,211.246
5753,5754,4.832
5754,5755,235.188
5755,5756,26.376
5756,5757,10.384
